[{"model": "contenttypes.contenttype", "pk": 1, "fields": {"app_label": "admin", "model": "logentry"}}, {"model": "contenttypes.contenttype", "pk": 2, "fields": {"app_label": "auth", "model": "permission"}}, {"model": "contenttypes.contenttype", "pk": 3, "fields": {"app_label": "auth", "model": "group"}}, {"model": "contenttypes.contenttype", "pk": 4, "fields": {"app_label": "contenttypes", "model": "contenttype"}}, {"model": "contenttypes.contenttype", "pk": 5, "fields": {"app_label": "sessions", "model": "session"}}, {"model": "contenttypes.contenttype", "pk": 6, "fields": {"app_label": "wishlist", "model": "user"}}, {"model": "contenttypes.contenttype", "pk": 7, "fields": {"app_label": "wishlist", "model": "game"}}, {"model": "contenttypes.contenttype", "pk": 8, "fields": {"app_label": "wishlist", "model": "wishlistitem"}}, {"model": "contenttypes.contenttype", "pk": 9, "fields": {"app_label": "sites", "model": "site"}}, {"model": "contenttypes.contenttype", "pk": 10, "fields": {"app_label": "authtoken", "model": "token"}}, {"model": "contenttypes.contenttype", "pk": 11, "fields": {"app_label": "account", "model": "emailaddress"}}, {"model": "contenttypes.contenttype", "pk": 12, "fields": {"app_label": "account", "model": "emailconfirmation"}}, {"model": "contenttypes.contenttype", "pk": 13, "fields": {"app_label": "allauth", "model": "socialapp"}}, {"model": "contenttypes.contenttype", "pk": 14, "fields": {"app_label": "allauth", "model": "socialaccount"}}, {"model": "contenttypes.contenttype", "pk": 15, "fields": {"app_label": "allauth", "model": "socialtoken"}}, {"model": "sessions.session", "pk": "06tzuz4diewl0aktqn4o1pyr7fq5ys2w", "fields": {"session_data": "OTYwYTYzMzJkM2IyNzVlM2M2NDFkN2ZmY2QyNjE1ODA2N2U5NzMwNjp7Il9hdXRoX3VzZXJfaWQiOiI2IiwiX2F1dGhfdXNlcl9iYWNrZW5kIjoiZGphbmdvLmNvbnRyaWIuYXV0aC5iYWNrZW5kcy5Nb2RlbEJhY2tlbmQiLCJfYXV0aF91c2VyX2hhc2giOiJlODIzYThlMGY5NmMzMTU1MDBjM2VhYTk1NTAyYjU1ZWM0MDZiMWZjIn0=", "expire_date": "2020-05-15T16:26:02.405Z"}}, {"model": "sessions.session", "pk": "0lvra2fa1svyiy3b4tyi5kln0c6u77mq", "fields": {"session_data": "OTYwYTYzMzJkM2IyNzVlM2M2NDFkN2ZmY2QyNjE1ODA2N2U5NzMwNjp7Il9hdXRoX3VzZXJfaWQiOiI2IiwiX2F1dGhfdXNlcl9iYWNrZW5kIjoiZGphbmdvLmNvbnRyaWIuYXV0aC5iYWNrZW5kcy5Nb2RlbEJhY2tlbmQiLCJfYXV0aF91c2VyX2hhc2giOiJlODIzYThlMGY5NmMzMTU1MDBjM2VhYTk1NTAyYjU1ZWM0MDZiMWZjIn0=", "expire_date": "2020-06-05T00:55:22.287Z"}}, {"model": "sessions.session", "pk": "0rn7ybwhv1nvya1s9bocx4cnph4oqpxc", "fields": {"session_data": "OTYwYTYzMzJkM2IyNzVlM2M2NDFkN2ZmY2QyNjE1ODA2N2U5NzMwNjp7Il9hdXRoX3VzZXJfaWQiOiI2IiwiX2F1dGhfdXNlcl9iYWNrZW5kIjoiZGphbmdvLmNvbnRyaWIuYXV0aC5iYWNrZW5kcy5Nb2RlbEJhY2tlbmQiLCJfYXV0aF91c2VyX2hhc2giOiJlODIzYThlMGY5NmMzMTU1MDBjM2VhYTk1NTAyYjU1ZWM0MDZiMWZjIn0=", "expire_date": "2020-06-05T14:28:17.408Z"}}, {"model": "sessions.session", "pk": "0yj8uolfiyjvmlaykqoo3x7nmk11cp4o", "fields": {"session_data": "OTYwYTYzMzJkM2IyNzVlM2M2NDFkN2ZmY2QyNjE1ODA2N2U5NzMwNjp7Il9hdXRoX3VzZXJfaWQiOiI2IiwiX2F1dGhfdXNlcl9iYWNrZW5kIjoiZGphbmdvLmNvbnRyaWIuYXV0aC5iYWNrZW5kcy5Nb2RlbEJhY2tlbmQiLCJfYXV0aF91c2VyX2hhc2giOiJlODIzYThlMGY5NmMzMTU1MDBjM2VhYTk1NTAyYjU1ZWM0MDZiMWZjIn0=", "expire_date": "2020-05-25T01:41:51.652Z"}}, {"model": "sessions.session", "pk": "17ru7faq1f6tagoxzucw2o36hvlulhmb", "fields": {"session_data": "OTYwYTYzMzJkM2IyNzVlM2M2NDFkN2ZmY2QyNjE1ODA2N2U5NzMwNjp7Il9hdXRoX3VzZXJfaWQiOiI2IiwiX2F1dGhfdXNlcl9iYWNrZW5kIjoiZGphbmdvLmNvbnRyaWIuYXV0aC5iYWNrZW5kcy5Nb2RlbEJhY2tlbmQiLCJfYXV0aF91c2VyX2hhc2giOiJlODIzYThlMGY5NmMzMTU1MDBjM2VhYTk1NTAyYjU1ZWM0MDZiMWZjIn0=", "expire_date": "2020-05-29T19:08:22.138Z"}}, {"model": "sessions.session", "pk": "1kiorn7m2m9jbl1cqfl4ev2pvwpg23ys", "fields": {"session_data": "OTYwYTYzMzJkM2IyNzVlM2M2NDFkN2ZmY2QyNjE1ODA2N2U5NzMwNjp7Il9hdXRoX3VzZXJfaWQiOiI2IiwiX2F1dGhfdXNlcl9iYWNrZW5kIjoiZGphbmdvLmNvbnRyaWIuYXV0aC5iYWNrZW5kcy5Nb2RlbEJhY2tlbmQiLCJfYXV0aF91c2VyX2hhc2giOiJlODIzYThlMGY5NmMzMTU1MDBjM2VhYTk1NTAyYjU1ZWM0MDZiMWZjIn0=", "expire_date": "2020-06-12T16:16:16.480Z"}}, {"model": "sessions.session", "pk": "1zbk9jekk5akxuguq6e41o9k6gy36s09", "fields": {"session_data": "OTYwYTYzMzJkM2IyNzVlM2M2NDFkN2ZmY2QyNjE1ODA2N2U5NzMwNjp7Il9hdXRoX3VzZXJfaWQiOiI2IiwiX2F1dGhfdXNlcl9iYWNrZW5kIjoiZGphbmdvLmNvbnRyaWIuYXV0aC5iYWNrZW5kcy5Nb2RlbEJhY2tlbmQiLCJfYXV0aF91c2VyX2hhc2giOiJlODIzYThlMGY5NmMzMTU1MDBjM2VhYTk1NTAyYjU1ZWM0MDZiMWZjIn0=", "expire_date": "2020-05-15T16:25:29.051Z"}}, {"model": "sessions.session", "pk": "2447pxxz9t4l3neyuwjkhudsf11gvi91", "fields": {"session_data": "OTYwYTYzMzJkM2IyNzVlM2M2NDFkN2ZmY2QyNjE1ODA2N2U5NzMwNjp7Il9hdXRoX3VzZXJfaWQiOiI2IiwiX2F1dGhfdXNlcl9iYWNrZW5kIjoiZGphbmdvLmNvbnRyaWIuYXV0aC5iYWNrZW5kcy5Nb2RlbEJhY2tlbmQiLCJfYXV0aF91c2VyX2hhc2giOiJlODIzYThlMGY5NmMzMTU1MDBjM2VhYTk1NTAyYjU1ZWM0MDZiMWZjIn0=", "expire_date": "2020-05-15T19:22:09.582Z"}}, {"model": "sessions.session", "pk": "255uxb9pdt00chwb37zb3dqkwltvor5w", "fields": {"session_data": "OTYwYTYzMzJkM2IyNzVlM2M2NDFkN2ZmY2QyNjE1ODA2N2U5NzMwNjp7Il9hdXRoX3VzZXJfaWQiOiI2IiwiX2F1dGhfdXNlcl9iYWNrZW5kIjoiZGphbmdvLmNvbnRyaWIuYXV0aC5iYWNrZW5kcy5Nb2RlbEJhY2tlbmQiLCJfYXV0aF91c2VyX2hhc2giOiJlODIzYThlMGY5NmMzMTU1MDBjM2VhYTk1NTAyYjU1ZWM0MDZiMWZjIn0=", "expire_date": "2020-05-15T18:34:43.010Z"}}, {"model": "sessions.session", "pk": "34zsg4dflesauao3c1tiyydic8627yik", "fields": {"session_data": "OTYwYTYzMzJkM2IyNzVlM2M2NDFkN2ZmY2QyNjE1ODA2N2U5NzMwNjp7Il9hdXRoX3VzZXJfaWQiOiI2IiwiX2F1dGhfdXNlcl9iYWNrZW5kIjoiZGphbmdvLmNvbnRyaWIuYXV0aC5iYWNrZW5kcy5Nb2RlbEJhY2tlbmQiLCJfYXV0aF91c2VyX2hhc2giOiJlODIzYThlMGY5NmMzMTU1MDBjM2VhYTk1NTAyYjU1ZWM0MDZiMWZjIn0=", "expire_date": "2020-05-25T21:27:08.679Z"}}, {"model": "sessions.session", "pk": "3hvfxxq5ysrxav6i8aw3am7yptkzllm9", "fields": {"session_data": "OTYwYTYzMzJkM2IyNzVlM2M2NDFkN2ZmY2QyNjE1ODA2N2U5NzMwNjp7Il9hdXRoX3VzZXJfaWQiOiI2IiwiX2F1dGhfdXNlcl9iYWNrZW5kIjoiZGphbmdvLmNvbnRyaWIuYXV0aC5iYWNrZW5kcy5Nb2RlbEJhY2tlbmQiLCJfYXV0aF91c2VyX2hhc2giOiJlODIzYThlMGY5NmMzMTU1MDBjM2VhYTk1NTAyYjU1ZWM0MDZiMWZjIn0=", "expire_date": "2020-05-15T16:28:09.415Z"}}, {"model": "sessions.session", "pk": "3onjcekskogh9afxm4dp1r1xga199ezb", "fields": {"session_data": "OTYwYTYzMzJkM2IyNzVlM2M2NDFkN2ZmY2QyNjE1ODA2N2U5NzMwNjp7Il9hdXRoX3VzZXJfaWQiOiI2IiwiX2F1dGhfdXNlcl9iYWNrZW5kIjoiZGphbmdvLmNvbnRyaWIuYXV0aC5iYWNrZW5kcy5Nb2RlbEJhY2tlbmQiLCJfYXV0aF91c2VyX2hhc2giOiJlODIzYThlMGY5NmMzMTU1MDBjM2VhYTk1NTAyYjU1ZWM0MDZiMWZjIn0=", "expire_date": "2020-06-07T16:37:22.990Z"}}, {"model": "sessions.session", "pk": "3yg1mm1bruq0oklfdod3lmqxflgtfapm", "fields": {"session_data": "OTYwYTYzMzJkM2IyNzVlM2M2NDFkN2ZmY2QyNjE1ODA2N2U5NzMwNjp7Il9hdXRoX3VzZXJfaWQiOiI2IiwiX2F1dGhfdXNlcl9iYWNrZW5kIjoiZGphbmdvLmNvbnRyaWIuYXV0aC5iYWNrZW5kcy5Nb2RlbEJhY2tlbmQiLCJfYXV0aF91c2VyX2hhc2giOiJlODIzYThlMGY5NmMzMTU1MDBjM2VhYTk1NTAyYjU1ZWM0MDZiMWZjIn0=", "expire_date": "2020-06-01T15:51:42.898Z"}}, {"model": "sessions.session", "pk": "4182vzcho1o17p3ns5yic72mgtx0a9cm", "fields": {"session_data": "NGQ5NDE0YTdjNWRhMzM5Y2YyZjIyZWNkYzExYmE4N2QyZjg4OGVkYzp7ImFjY291bnRfdmVyaWZpZWRfZW1haWwiOm51bGwsIl9hdXRoX3VzZXJfaWQiOiI3IiwiX2F1dGhfdXNlcl9iYWNrZW5kIjoiZGphbmdvLmNvbnRyaWIuYXV0aC5iYWNrZW5kcy5Nb2RlbEJhY2tlbmQiLCJfYXV0aF91c2VyX2hhc2giOiI3NTU0ODFjY2JmZGI2MTg5MjZhZDY0MTUxNWJlZjQ1ZDFiMjBiMmNkIn0=", "expire_date": "2020-05-13T19:15:56.362Z"}}, {"model": "sessions.session", "pk": "46g5bof7t7o004umlrlicyon2ffnaa4l", "fields": {"session_data": "OTYwYTYzMzJkM2IyNzVlM2M2NDFkN2ZmY2QyNjE1ODA2N2U5NzMwNjp7Il9hdXRoX3VzZXJfaWQiOiI2IiwiX2F1dGhfdXNlcl9iYWNrZW5kIjoiZGphbmdvLmNvbnRyaWIuYXV0aC5iYWNrZW5kcy5Nb2RlbEJhY2tlbmQiLCJfYXV0aF91c2VyX2hhc2giOiJlODIzYThlMGY5NmMzMTU1MDBjM2VhYTk1NTAyYjU1ZWM0MDZiMWZjIn0=", "expire_date": "2020-05-15T19:19:16.487Z"}}, {"model": "sessions.session", "pk": "4d14mk770drsnir7x9cisjt962neek1b", "fields": {"session_data": "OTYwYTYzMzJkM2IyNzVlM2M2NDFkN2ZmY2QyNjE1ODA2N2U5NzMwNjp7Il9hdXRoX3VzZXJfaWQiOiI2IiwiX2F1dGhfdXNlcl9iYWNrZW5kIjoiZGphbmdvLmNvbnRyaWIuYXV0aC5iYWNrZW5kcy5Nb2RlbEJhY2tlbmQiLCJfYXV0aF91c2VyX2hhc2giOiJlODIzYThlMGY5NmMzMTU1MDBjM2VhYTk1NTAyYjU1ZWM0MDZiMWZjIn0=", "expire_date": "2020-05-24T02:09:42.649Z"}}, {"model": "sessions.session", "pk": "4ev3ajuljkfbp68sdsdh5jfwe3qa5des", "fields": {"session_data": "OTYwYTYzMzJkM2IyNzVlM2M2NDFkN2ZmY2QyNjE1ODA2N2U5NzMwNjp7Il9hdXRoX3VzZXJfaWQiOiI2IiwiX2F1dGhfdXNlcl9iYWNrZW5kIjoiZGphbmdvLmNvbnRyaWIuYXV0aC5iYWNrZW5kcy5Nb2RlbEJhY2tlbmQiLCJfYXV0aF91c2VyX2hhc2giOiJlODIzYThlMGY5NmMzMTU1MDBjM2VhYTk1NTAyYjU1ZWM0MDZiMWZjIn0=", "expire_date": "2020-05-29T19:15:38.544Z"}}, {"model": "sessions.session", "pk": "4uhasvg108k9opg5ao34xcxeopxly8js", "fields": {"session_data": "OTYwYTYzMzJkM2IyNzVlM2M2NDFkN2ZmY2QyNjE1ODA2N2U5NzMwNjp7Il9hdXRoX3VzZXJfaWQiOiI2IiwiX2F1dGhfdXNlcl9iYWNrZW5kIjoiZGphbmdvLmNvbnRyaWIuYXV0aC5iYWNrZW5kcy5Nb2RlbEJhY2tlbmQiLCJfYXV0aF91c2VyX2hhc2giOiJlODIzYThlMGY5NmMzMTU1MDBjM2VhYTk1NTAyYjU1ZWM0MDZiMWZjIn0=", "expire_date": "2020-05-13T20:10:53.003Z"}}, {"model": "sessions.session", "pk": "5jido5rk84vqzsqzi1jolwa6da9lx6ch", "fields": {"session_data": "OTYwYTYzMzJkM2IyNzVlM2M2NDFkN2ZmY2QyNjE1ODA2N2U5NzMwNjp7Il9hdXRoX3VzZXJfaWQiOiI2IiwiX2F1dGhfdXNlcl9iYWNrZW5kIjoiZGphbmdvLmNvbnRyaWIuYXV0aC5iYWNrZW5kcy5Nb2RlbEJhY2tlbmQiLCJfYXV0aF91c2VyX2hhc2giOiJlODIzYThlMGY5NmMzMTU1MDBjM2VhYTk1NTAyYjU1ZWM0MDZiMWZjIn0=", "expire_date": "2020-05-15T18:35:41.391Z"}}, {"model": "sessions.session", "pk": "5t463cq3nj0q6y2ice0ciowo8yvmf3b7", "fields": {"session_data": "OTYwYTYzMzJkM2IyNzVlM2M2NDFkN2ZmY2QyNjE1ODA2N2U5NzMwNjp7Il9hdXRoX3VzZXJfaWQiOiI2IiwiX2F1dGhfdXNlcl9iYWNrZW5kIjoiZGphbmdvLmNvbnRyaWIuYXV0aC5iYWNrZW5kcy5Nb2RlbEJhY2tlbmQiLCJfYXV0aF91c2VyX2hhc2giOiJlODIzYThlMGY5NmMzMTU1MDBjM2VhYTk1NTAyYjU1ZWM0MDZiMWZjIn0=", "expire_date": "2020-06-07T15:28:19.689Z"}}, {"model": "sessions.session", "pk": "5yitc0ndfqi2kklvkvjh75op9msqtwuu", "fields": {"session_data": "OTYwYTYzMzJkM2IyNzVlM2M2NDFkN2ZmY2QyNjE1ODA2N2U5NzMwNjp7Il9hdXRoX3VzZXJfaWQiOiI2IiwiX2F1dGhfdXNlcl9iYWNrZW5kIjoiZGphbmdvLmNvbnRyaWIuYXV0aC5iYWNrZW5kcy5Nb2RlbEJhY2tlbmQiLCJfYXV0aF91c2VyX2hhc2giOiJlODIzYThlMGY5NmMzMTU1MDBjM2VhYTk1NTAyYjU1ZWM0MDZiMWZjIn0=", "expire_date": "2020-05-25T01:38:33.821Z"}}, {"model": "sessions.session", "pk": "6howsv3xjcrxityibmny4bc4ml354vt6", "fields": {"session_data": "OTYwYTYzMzJkM2IyNzVlM2M2NDFkN2ZmY2QyNjE1ODA2N2U5NzMwNjp7Il9hdXRoX3VzZXJfaWQiOiI2IiwiX2F1dGhfdXNlcl9iYWNrZW5kIjoiZGphbmdvLmNvbnRyaWIuYXV0aC5iYWNrZW5kcy5Nb2RlbEJhY2tlbmQiLCJfYXV0aF91c2VyX2hhc2giOiJlODIzYThlMGY5NmMzMTU1MDBjM2VhYTk1NTAyYjU1ZWM0MDZiMWZjIn0=", "expire_date": "2020-05-25T21:23:31.833Z"}}, {"model": "sessions.session", "pk": "7ivxyywi92twjillgci803e8p4n40zww", "fields": {"session_data": "OTYwYTYzMzJkM2IyNzVlM2M2NDFkN2ZmY2QyNjE1ODA2N2U5NzMwNjp7Il9hdXRoX3VzZXJfaWQiOiI2IiwiX2F1dGhfdXNlcl9iYWNrZW5kIjoiZGphbmdvLmNvbnRyaWIuYXV0aC5iYWNrZW5kcy5Nb2RlbEJhY2tlbmQiLCJfYXV0aF91c2VyX2hhc2giOiJlODIzYThlMGY5NmMzMTU1MDBjM2VhYTk1NTAyYjU1ZWM0MDZiMWZjIn0=", "expire_date": "2020-06-07T15:26:09.351Z"}}, {"model": "sessions.session", "pk": "7ob52o9kfkd2y53tb5atmch3fjk50rnr", "fields": {"session_data": "OTYwYTYzMzJkM2IyNzVlM2M2NDFkN2ZmY2QyNjE1ODA2N2U5NzMwNjp7Il9hdXRoX3VzZXJfaWQiOiI2IiwiX2F1dGhfdXNlcl9iYWNrZW5kIjoiZGphbmdvLmNvbnRyaWIuYXV0aC5iYWNrZW5kcy5Nb2RlbEJhY2tlbmQiLCJfYXV0aF91c2VyX2hhc2giOiJlODIzYThlMGY5NmMzMTU1MDBjM2VhYTk1NTAyYjU1ZWM0MDZiMWZjIn0=", "expire_date": "2020-05-25T01:22:12.432Z"}}, {"model": "sessions.session", "pk": "7tl6lnr897bvu3t6z34mdam287fffmdh", "fields": {"session_data": "OTYwYTYzMzJkM2IyNzVlM2M2NDFkN2ZmY2QyNjE1ODA2N2U5NzMwNjp7Il9hdXRoX3VzZXJfaWQiOiI2IiwiX2F1dGhfdXNlcl9iYWNrZW5kIjoiZGphbmdvLmNvbnRyaWIuYXV0aC5iYWNrZW5kcy5Nb2RlbEJhY2tlbmQiLCJfYXV0aF91c2VyX2hhc2giOiJlODIzYThlMGY5NmMzMTU1MDBjM2VhYTk1NTAyYjU1ZWM0MDZiMWZjIn0=", "expire_date": "2020-06-01T15:01:33.331Z"}}, {"model": "sessions.session", "pk": "87ulw5ogbaob8d1ffm2pfznqceyznq7k", "fields": {"session_data": "YzQ3OTkxNTRmNDQyNzFjZmRkNGNkMTI1MWQ4OTBiNTMyYjljOGU1Nzp7Il9hdXRoX3VzZXJfaWQiOiIxIiwiX2F1dGhfdXNlcl9iYWNrZW5kIjoiZGphbmdvLmNvbnRyaWIuYXV0aC5iYWNrZW5kcy5Nb2RlbEJhY2tlbmQiLCJfYXV0aF91c2VyX2hhc2giOiJmNmQzMDM3ZjQ2NTcwNzk1N2FiYWQzMDg4YzU3NjAzMTE1NTc4ZjMyIn0=", "expire_date": "2020-04-22T17:12:15.135Z"}}, {"model": "sessions.session", "pk": "8om2qb77rzmfo3ji82m9m0zm64rkjzzn", "fields": {"session_data": "OTYwYTYzMzJkM2IyNzVlM2M2NDFkN2ZmY2QyNjE1ODA2N2U5NzMwNjp7Il9hdXRoX3VzZXJfaWQiOiI2IiwiX2F1dGhfdXNlcl9iYWNrZW5kIjoiZGphbmdvLmNvbnRyaWIuYXV0aC5iYWNrZW5kcy5Nb2RlbEJhY2tlbmQiLCJfYXV0aF91c2VyX2hhc2giOiJlODIzYThlMGY5NmMzMTU1MDBjM2VhYTk1NTAyYjU1ZWM0MDZiMWZjIn0=", "expire_date": "2020-05-29T18:37:39.245Z"}}, {"model": "sessions.session", "pk": "8r8gqw1gcyd0cmpuaonpyr34vlwn4dc5", "fields": {"session_data": "OTYwYTYzMzJkM2IyNzVlM2M2NDFkN2ZmY2QyNjE1ODA2N2U5NzMwNjp7Il9hdXRoX3VzZXJfaWQiOiI2IiwiX2F1dGhfdXNlcl9iYWNrZW5kIjoiZGphbmdvLmNvbnRyaWIuYXV0aC5iYWNrZW5kcy5Nb2RlbEJhY2tlbmQiLCJfYXV0aF91c2VyX2hhc2giOiJlODIzYThlMGY5NmMzMTU1MDBjM2VhYTk1NTAyYjU1ZWM0MDZiMWZjIn0=", "expire_date": "2020-05-18T01:29:46.460Z"}}, {"model": "sessions.session", "pk": "9ctf2b2rgv2ujohyjyhewzqae9ekrw8p", "fields": {"session_data": "OTYwYTYzMzJkM2IyNzVlM2M2NDFkN2ZmY2QyNjE1ODA2N2U5NzMwNjp7Il9hdXRoX3VzZXJfaWQiOiI2IiwiX2F1dGhfdXNlcl9iYWNrZW5kIjoiZGphbmdvLmNvbnRyaWIuYXV0aC5iYWNrZW5kcy5Nb2RlbEJhY2tlbmQiLCJfYXV0aF91c2VyX2hhc2giOiJlODIzYThlMGY5NmMzMTU1MDBjM2VhYTk1NTAyYjU1ZWM0MDZiMWZjIn0=", "expire_date": "2020-05-25T20:25:50.529Z"}}, {"model": "sessions.session", "pk": "9d3lrn1prkoedvl8sbmwhtrkaywz3lw5", "fields": {"session_data": "OTYwYTYzMzJkM2IyNzVlM2M2NDFkN2ZmY2QyNjE1ODA2N2U5NzMwNjp7Il9hdXRoX3VzZXJfaWQiOiI2IiwiX2F1dGhfdXNlcl9iYWNrZW5kIjoiZGphbmdvLmNvbnRyaWIuYXV0aC5iYWNrZW5kcy5Nb2RlbEJhY2tlbmQiLCJfYXV0aF91c2VyX2hhc2giOiJlODIzYThlMGY5NmMzMTU1MDBjM2VhYTk1NTAyYjU1ZWM0MDZiMWZjIn0=", "expire_date": "2020-06-01T15:06:06.478Z"}}, {"model": "sessions.session", "pk": "9npfg6fft38jqsnt98scg19x2hkfec81", "fields": {"session_data": "OTYwYTYzMzJkM2IyNzVlM2M2NDFkN2ZmY2QyNjE1ODA2N2U5NzMwNjp7Il9hdXRoX3VzZXJfaWQiOiI2IiwiX2F1dGhfdXNlcl9iYWNrZW5kIjoiZGphbmdvLmNvbnRyaWIuYXV0aC5iYWNrZW5kcy5Nb2RlbEJhY2tlbmQiLCJfYXV0aF91c2VyX2hhc2giOiJlODIzYThlMGY5NmMzMTU1MDBjM2VhYTk1NTAyYjU1ZWM0MDZiMWZjIn0=", "expire_date": "2020-06-05T17:55:30.499Z"}}, {"model": "sessions.session", "pk": "9u5ng8w3bx57ndofanvtdqssl1smkcgq", "fields": {"session_data": "OTYwYTYzMzJkM2IyNzVlM2M2NDFkN2ZmY2QyNjE1ODA2N2U5NzMwNjp7Il9hdXRoX3VzZXJfaWQiOiI2IiwiX2F1dGhfdXNlcl9iYWNrZW5kIjoiZGphbmdvLmNvbnRyaWIuYXV0aC5iYWNrZW5kcy5Nb2RlbEJhY2tlbmQiLCJfYXV0aF91c2VyX2hhc2giOiJlODIzYThlMGY5NmMzMTU1MDBjM2VhYTk1NTAyYjU1ZWM0MDZiMWZjIn0=", "expire_date": "2020-06-07T15:28:51.735Z"}}, {"model": "sessions.session", "pk": "9wza7f3gk6nxmfdwbqssf78ju5smyc1l", "fields": {"session_data": "OTYwYTYzMzJkM2IyNzVlM2M2NDFkN2ZmY2QyNjE1ODA2N2U5NzMwNjp7Il9hdXRoX3VzZXJfaWQiOiI2IiwiX2F1dGhfdXNlcl9iYWNrZW5kIjoiZGphbmdvLmNvbnRyaWIuYXV0aC5iYWNrZW5kcy5Nb2RlbEJhY2tlbmQiLCJfYXV0aF91c2VyX2hhc2giOiJlODIzYThlMGY5NmMzMTU1MDBjM2VhYTk1NTAyYjU1ZWM0MDZiMWZjIn0=", "expire_date": "2020-05-25T21:14:21.479Z"}}, {"model": "sessions.session", "pk": "9x0odv6uin4bqb39nndkv66ec86om2jw", "fields": {"session_data": "OTYwYTYzMzJkM2IyNzVlM2M2NDFkN2ZmY2QyNjE1ODA2N2U5NzMwNjp7Il9hdXRoX3VzZXJfaWQiOiI2IiwiX2F1dGhfdXNlcl9iYWNrZW5kIjoiZGphbmdvLmNvbnRyaWIuYXV0aC5iYWNrZW5kcy5Nb2RlbEJhY2tlbmQiLCJfYXV0aF91c2VyX2hhc2giOiJlODIzYThlMGY5NmMzMTU1MDBjM2VhYTk1NTAyYjU1ZWM0MDZiMWZjIn0=", "expire_date": "2020-05-29T21:11:06.954Z"}}, {"model": "sessions.session", "pk": "a52xygmqfbs0ct5graru030cv1afnr94", "fields": {"session_data": "OTYwYTYzMzJkM2IyNzVlM2M2NDFkN2ZmY2QyNjE1ODA2N2U5NzMwNjp7Il9hdXRoX3VzZXJfaWQiOiI2IiwiX2F1dGhfdXNlcl9iYWNrZW5kIjoiZGphbmdvLmNvbnRyaWIuYXV0aC5iYWNrZW5kcy5Nb2RlbEJhY2tlbmQiLCJfYXV0aF91c2VyX2hhc2giOiJlODIzYThlMGY5NmMzMTU1MDBjM2VhYTk1NTAyYjU1ZWM0MDZiMWZjIn0=", "expire_date": "2020-05-13T22:01:18.509Z"}}, {"model": "sessions.session", "pk": "a7oipxwhlqk66inrmr9lwx6sjsvt3uez", "fields": {"session_data": "OTYwYTYzMzJkM2IyNzVlM2M2NDFkN2ZmY2QyNjE1ODA2N2U5NzMwNjp7Il9hdXRoX3VzZXJfaWQiOiI2IiwiX2F1dGhfdXNlcl9iYWNrZW5kIjoiZGphbmdvLmNvbnRyaWIuYXV0aC5iYWNrZW5kcy5Nb2RlbEJhY2tlbmQiLCJfYXV0aF91c2VyX2hhc2giOiJlODIzYThlMGY5NmMzMTU1MDBjM2VhYTk1NTAyYjU1ZWM0MDZiMWZjIn0=", "expire_date": "2020-06-07T16:51:10.803Z"}}, {"model": "sessions.session", "pk": "awlnvm3ld6dneo8z649mxeeuwrh3uv4f", "fields": {"session_data": "OTYwYTYzMzJkM2IyNzVlM2M2NDFkN2ZmY2QyNjE1ODA2N2U5NzMwNjp7Il9hdXRoX3VzZXJfaWQiOiI2IiwiX2F1dGhfdXNlcl9iYWNrZW5kIjoiZGphbmdvLmNvbnRyaWIuYXV0aC5iYWNrZW5kcy5Nb2RlbEJhY2tlbmQiLCJfYXV0aF91c2VyX2hhc2giOiJlODIzYThlMGY5NmMzMTU1MDBjM2VhYTk1NTAyYjU1ZWM0MDZiMWZjIn0=", "expire_date": "2020-05-15T18:36:31.257Z"}}, {"model": "sessions.session", "pk": "b1fca1k73xmmp7g1ztt3cihqa1a7xed6", "fields": {"session_data": "OTYwYTYzMzJkM2IyNzVlM2M2NDFkN2ZmY2QyNjE1ODA2N2U5NzMwNjp7Il9hdXRoX3VzZXJfaWQiOiI2IiwiX2F1dGhfdXNlcl9iYWNrZW5kIjoiZGphbmdvLmNvbnRyaWIuYXV0aC5iYWNrZW5kcy5Nb2RlbEJhY2tlbmQiLCJfYXV0aF91c2VyX2hhc2giOiJlODIzYThlMGY5NmMzMTU1MDBjM2VhYTk1NTAyYjU1ZWM0MDZiMWZjIn0=", "expire_date": "2020-05-25T21:08:46.283Z"}}, {"model": "sessions.session", "pk": "bdldvfyrn8brrrl50ahx2yvallrilobp", "fields": {"session_data": "OTYwYTYzMzJkM2IyNzVlM2M2NDFkN2ZmY2QyNjE1ODA2N2U5NzMwNjp7Il9hdXRoX3VzZXJfaWQiOiI2IiwiX2F1dGhfdXNlcl9iYWNrZW5kIjoiZGphbmdvLmNvbnRyaWIuYXV0aC5iYWNrZW5kcy5Nb2RlbEJhY2tlbmQiLCJfYXV0aF91c2VyX2hhc2giOiJlODIzYThlMGY5NmMzMTU1MDBjM2VhYTk1NTAyYjU1ZWM0MDZiMWZjIn0=", "expire_date": "2020-06-05T12:25:54.716Z"}}, {"model": "sessions.session", "pk": "bf8ramtt49mafsjujce9hw251vdsobxx", "fields": {"session_data": "OTYwYTYzMzJkM2IyNzVlM2M2NDFkN2ZmY2QyNjE1ODA2N2U5NzMwNjp7Il9hdXRoX3VzZXJfaWQiOiI2IiwiX2F1dGhfdXNlcl9iYWNrZW5kIjoiZGphbmdvLmNvbnRyaWIuYXV0aC5iYWNrZW5kcy5Nb2RlbEJhY2tlbmQiLCJfYXV0aF91c2VyX2hhc2giOiJlODIzYThlMGY5NmMzMTU1MDBjM2VhYTk1NTAyYjU1ZWM0MDZiMWZjIn0=", "expire_date": "2020-06-07T17:57:52.046Z"}}, {"model": "sessions.session", "pk": "bh8txrijvby0r02mgjcl4uucycryoo3l", "fields": {"session_data": "OTYwYTYzMzJkM2IyNzVlM2M2NDFkN2ZmY2QyNjE1ODA2N2U5NzMwNjp7Il9hdXRoX3VzZXJfaWQiOiI2IiwiX2F1dGhfdXNlcl9iYWNrZW5kIjoiZGphbmdvLmNvbnRyaWIuYXV0aC5iYWNrZW5kcy5Nb2RlbEJhY2tlbmQiLCJfYXV0aF91c2VyX2hhc2giOiJlODIzYThlMGY5NmMzMTU1MDBjM2VhYTk1NTAyYjU1ZWM0MDZiMWZjIn0=", "expire_date": "2020-06-05T14:27:03.405Z"}}, {"model": "sessions.session", "pk": "biccgk9k9prxpdkbwagldadvhmcxkc69", "fields": {"session_data": "OTYwYTYzMzJkM2IyNzVlM2M2NDFkN2ZmY2QyNjE1ODA2N2U5NzMwNjp7Il9hdXRoX3VzZXJfaWQiOiI2IiwiX2F1dGhfdXNlcl9iYWNrZW5kIjoiZGphbmdvLmNvbnRyaWIuYXV0aC5iYWNrZW5kcy5Nb2RlbEJhY2tlbmQiLCJfYXV0aF91c2VyX2hhc2giOiJlODIzYThlMGY5NmMzMTU1MDBjM2VhYTk1NTAyYjU1ZWM0MDZiMWZjIn0=", "expire_date": "2020-06-05T14:20:27.689Z"}}, {"model": "sessions.session", "pk": "bl4dcjed7xuevm4xed9sds6mh476y0mb", "fields": {"session_data": "OTYwYTYzMzJkM2IyNzVlM2M2NDFkN2ZmY2QyNjE1ODA2N2U5NzMwNjp7Il9hdXRoX3VzZXJfaWQiOiI2IiwiX2F1dGhfdXNlcl9iYWNrZW5kIjoiZGphbmdvLmNvbnRyaWIuYXV0aC5iYWNrZW5kcy5Nb2RlbEJhY2tlbmQiLCJfYXV0aF91c2VyX2hhc2giOiJlODIzYThlMGY5NmMzMTU1MDBjM2VhYTk1NTAyYjU1ZWM0MDZiMWZjIn0=", "expire_date": "2020-05-15T16:22:18.298Z"}}, {"model": "sessions.session", "pk": "bn2vvjrdv8ytnyorykt21sbwm4jeo9m7", "fields": {"session_data": "OTYwYTYzMzJkM2IyNzVlM2M2NDFkN2ZmY2QyNjE1ODA2N2U5NzMwNjp7Il9hdXRoX3VzZXJfaWQiOiI2IiwiX2F1dGhfdXNlcl9iYWNrZW5kIjoiZGphbmdvLmNvbnRyaWIuYXV0aC5iYWNrZW5kcy5Nb2RlbEJhY2tlbmQiLCJfYXV0aF91c2VyX2hhc2giOiJlODIzYThlMGY5NmMzMTU1MDBjM2VhYTk1NTAyYjU1ZWM0MDZiMWZjIn0=", "expire_date": "2020-06-01T16:40:37.583Z"}}, {"model": "sessions.session", "pk": "by8e56d8dqgl76fknunyjp77aivtb5ip", "fields": {"session_data": "OTYwYTYzMzJkM2IyNzVlM2M2NDFkN2ZmY2QyNjE1ODA2N2U5NzMwNjp7Il9hdXRoX3VzZXJfaWQiOiI2IiwiX2F1dGhfdXNlcl9iYWNrZW5kIjoiZGphbmdvLmNvbnRyaWIuYXV0aC5iYWNrZW5kcy5Nb2RlbEJhY2tlbmQiLCJfYXV0aF91c2VyX2hhc2giOiJlODIzYThlMGY5NmMzMTU1MDBjM2VhYTk1NTAyYjU1ZWM0MDZiMWZjIn0=", "expire_date": "2020-05-25T01:38:59.256Z"}}, {"model": "sessions.session", "pk": "d1gyzktji4hllzpv83w93tzaakjb2zrl", "fields": {"session_data": "OTYwYTYzMzJkM2IyNzVlM2M2NDFkN2ZmY2QyNjE1ODA2N2U5NzMwNjp7Il9hdXRoX3VzZXJfaWQiOiI2IiwiX2F1dGhfdXNlcl9iYWNrZW5kIjoiZGphbmdvLmNvbnRyaWIuYXV0aC5iYWNrZW5kcy5Nb2RlbEJhY2tlbmQiLCJfYXV0aF91c2VyX2hhc2giOiJlODIzYThlMGY5NmMzMTU1MDBjM2VhYTk1NTAyYjU1ZWM0MDZiMWZjIn0=", "expire_date": "2020-06-07T22:58:05.866Z"}}, {"model": "sessions.session", "pk": "d481covc6vpxs99uvkg5e4ddx33km9ts", "fields": {"session_data": "OTYwYTYzMzJkM2IyNzVlM2M2NDFkN2ZmY2QyNjE1ODA2N2U5NzMwNjp7Il9hdXRoX3VzZXJfaWQiOiI2IiwiX2F1dGhfdXNlcl9iYWNrZW5kIjoiZGphbmdvLmNvbnRyaWIuYXV0aC5iYWNrZW5kcy5Nb2RlbEJhY2tlbmQiLCJfYXV0aF91c2VyX2hhc2giOiJlODIzYThlMGY5NmMzMTU1MDBjM2VhYTk1NTAyYjU1ZWM0MDZiMWZjIn0=", "expire_date": "2020-05-13T19:53:16.598Z"}}, {"model": "sessions.session", "pk": "dmmvhep1ed9frqehjayw22s85n29x9v2", "fields": {"session_data": "OTYwYTYzMzJkM2IyNzVlM2M2NDFkN2ZmY2QyNjE1ODA2N2U5NzMwNjp7Il9hdXRoX3VzZXJfaWQiOiI2IiwiX2F1dGhfdXNlcl9iYWNrZW5kIjoiZGphbmdvLmNvbnRyaWIuYXV0aC5iYWNrZW5kcy5Nb2RlbEJhY2tlbmQiLCJfYXV0aF91c2VyX2hhc2giOiJlODIzYThlMGY5NmMzMTU1MDBjM2VhYTk1NTAyYjU1ZWM0MDZiMWZjIn0=", "expire_date": "2020-06-07T15:24:59.918Z"}}, {"model": "sessions.session", "pk": "dnv54k9qxcgh39lr6ejolrtkcmuwmtud", "fields": {"session_data": "OTYwYTYzMzJkM2IyNzVlM2M2NDFkN2ZmY2QyNjE1ODA2N2U5NzMwNjp7Il9hdXRoX3VzZXJfaWQiOiI2IiwiX2F1dGhfdXNlcl9iYWNrZW5kIjoiZGphbmdvLmNvbnRyaWIuYXV0aC5iYWNrZW5kcy5Nb2RlbEJhY2tlbmQiLCJfYXV0aF91c2VyX2hhc2giOiJlODIzYThlMGY5NmMzMTU1MDBjM2VhYTk1NTAyYjU1ZWM0MDZiMWZjIn0=", "expire_date": "2020-05-15T18:38:16.042Z"}}, {"model": "sessions.session", "pk": "dpphhgchm8gdzvldlok23d6yp19r5dvt", "fields": {"session_data": "OTYwYTYzMzJkM2IyNzVlM2M2NDFkN2ZmY2QyNjE1ODA2N2U5NzMwNjp7Il9hdXRoX3VzZXJfaWQiOiI2IiwiX2F1dGhfdXNlcl9iYWNrZW5kIjoiZGphbmdvLmNvbnRyaWIuYXV0aC5iYWNrZW5kcy5Nb2RlbEJhY2tlbmQiLCJfYXV0aF91c2VyX2hhc2giOiJlODIzYThlMGY5NmMzMTU1MDBjM2VhYTk1NTAyYjU1ZWM0MDZiMWZjIn0=", "expire_date": "2020-06-07T15:29:50.375Z"}}, {"model": "sessions.session", "pk": "du9g5cuhh14x8gld4s4deua65igir54g", "fields": {"session_data": "OTYwYTYzMzJkM2IyNzVlM2M2NDFkN2ZmY2QyNjE1ODA2N2U5NzMwNjp7Il9hdXRoX3VzZXJfaWQiOiI2IiwiX2F1dGhfdXNlcl9iYWNrZW5kIjoiZGphbmdvLmNvbnRyaWIuYXV0aC5iYWNrZW5kcy5Nb2RlbEJhY2tlbmQiLCJfYXV0aF91c2VyX2hhc2giOiJlODIzYThlMGY5NmMzMTU1MDBjM2VhYTk1NTAyYjU1ZWM0MDZiMWZjIn0=", "expire_date": "2020-05-15T18:29:10.591Z"}}, {"model": "sessions.session", "pk": "dxaugx07ic2worul976solkggv7oco31", "fields": {"session_data": "OTYwYTYzMzJkM2IyNzVlM2M2NDFkN2ZmY2QyNjE1ODA2N2U5NzMwNjp7Il9hdXRoX3VzZXJfaWQiOiI2IiwiX2F1dGhfdXNlcl9iYWNrZW5kIjoiZGphbmdvLmNvbnRyaWIuYXV0aC5iYWNrZW5kcy5Nb2RlbEJhY2tlbmQiLCJfYXV0aF91c2VyX2hhc2giOiJlODIzYThlMGY5NmMzMTU1MDBjM2VhYTk1NTAyYjU1ZWM0MDZiMWZjIn0=", "expire_date": "2020-05-25T01:40:30.465Z"}}, {"model": "sessions.session", "pk": "eq4o5xtm5yudd8dpbu2wq8rgktkd469d", "fields": {"session_data": "OTYwYTYzMzJkM2IyNzVlM2M2NDFkN2ZmY2QyNjE1ODA2N2U5NzMwNjp7Il9hdXRoX3VzZXJfaWQiOiI2IiwiX2F1dGhfdXNlcl9iYWNrZW5kIjoiZGphbmdvLmNvbnRyaWIuYXV0aC5iYWNrZW5kcy5Nb2RlbEJhY2tlbmQiLCJfYXV0aF91c2VyX2hhc2giOiJlODIzYThlMGY5NmMzMTU1MDBjM2VhYTk1NTAyYjU1ZWM0MDZiMWZjIn0=", "expire_date": "2020-05-25T01:43:54.812Z"}}, {"model": "sessions.session", "pk": "fonv9g3i0n8tg0pdv6tbefwvk1zeas5e", "fields": {"session_data": "OTYwYTYzMzJkM2IyNzVlM2M2NDFkN2ZmY2QyNjE1ODA2N2U5NzMwNjp7Il9hdXRoX3VzZXJfaWQiOiI2IiwiX2F1dGhfdXNlcl9iYWNrZW5kIjoiZGphbmdvLmNvbnRyaWIuYXV0aC5iYWNrZW5kcy5Nb2RlbEJhY2tlbmQiLCJfYXV0aF91c2VyX2hhc2giOiJlODIzYThlMGY5NmMzMTU1MDBjM2VhYTk1NTAyYjU1ZWM0MDZiMWZjIn0=", "expire_date": "2020-05-25T21:20:07.992Z"}}, {"model": "sessions.session", "pk": "g3kehjqjsf3o7gk7nakf3ltmu6z1mj6s", "fields": {"session_data": "OTYwYTYzMzJkM2IyNzVlM2M2NDFkN2ZmY2QyNjE1ODA2N2U5NzMwNjp7Il9hdXRoX3VzZXJfaWQiOiI2IiwiX2F1dGhfdXNlcl9iYWNrZW5kIjoiZGphbmdvLmNvbnRyaWIuYXV0aC5iYWNrZW5kcy5Nb2RlbEJhY2tlbmQiLCJfYXV0aF91c2VyX2hhc2giOiJlODIzYThlMGY5NmMzMTU1MDBjM2VhYTk1NTAyYjU1ZWM0MDZiMWZjIn0=", "expire_date": "2020-06-07T15:39:40.579Z"}}, {"model": "sessions.session", "pk": "gij4kkpao7ci8tkrd7ror6yhlkyugnr7", "fields": {"session_data": "OTYwYTYzMzJkM2IyNzVlM2M2NDFkN2ZmY2QyNjE1ODA2N2U5NzMwNjp7Il9hdXRoX3VzZXJfaWQiOiI2IiwiX2F1dGhfdXNlcl9iYWNrZW5kIjoiZGphbmdvLmNvbnRyaWIuYXV0aC5iYWNrZW5kcy5Nb2RlbEJhY2tlbmQiLCJfYXV0aF91c2VyX2hhc2giOiJlODIzYThlMGY5NmMzMTU1MDBjM2VhYTk1NTAyYjU1ZWM0MDZiMWZjIn0=", "expire_date": "2020-05-25T21:24:07.747Z"}}, {"model": "sessions.session", "pk": "gpzim71xxebft6isx66qhtegi2wmwkwl", "fields": {"session_data": "OTYwYTYzMzJkM2IyNzVlM2M2NDFkN2ZmY2QyNjE1ODA2N2U5NzMwNjp7Il9hdXRoX3VzZXJfaWQiOiI2IiwiX2F1dGhfdXNlcl9iYWNrZW5kIjoiZGphbmdvLmNvbnRyaWIuYXV0aC5iYWNrZW5kcy5Nb2RlbEJhY2tlbmQiLCJfYXV0aF91c2VyX2hhc2giOiJlODIzYThlMGY5NmMzMTU1MDBjM2VhYTk1NTAyYjU1ZWM0MDZiMWZjIn0=", "expire_date": "2020-05-15T16:22:16.499Z"}}, {"model": "sessions.session", "pk": "h2sbeiluq013pqiy7wa323lqw36hqlhw", "fields": {"session_data": "OTYwYTYzMzJkM2IyNzVlM2M2NDFkN2ZmY2QyNjE1ODA2N2U5NzMwNjp7Il9hdXRoX3VzZXJfaWQiOiI2IiwiX2F1dGhfdXNlcl9iYWNrZW5kIjoiZGphbmdvLmNvbnRyaWIuYXV0aC5iYWNrZW5kcy5Nb2RlbEJhY2tlbmQiLCJfYXV0aF91c2VyX2hhc2giOiJlODIzYThlMGY5NmMzMTU1MDBjM2VhYTk1NTAyYjU1ZWM0MDZiMWZjIn0=", "expire_date": "2020-06-07T15:06:04.222Z"}}, {"model": "sessions.session", "pk": "h37dnuvnuq6nzhgs1kxiubw33bs11q9d", "fields": {"session_data": "OTYwYTYzMzJkM2IyNzVlM2M2NDFkN2ZmY2QyNjE1ODA2N2U5NzMwNjp7Il9hdXRoX3VzZXJfaWQiOiI2IiwiX2F1dGhfdXNlcl9iYWNrZW5kIjoiZGphbmdvLmNvbnRyaWIuYXV0aC5iYWNrZW5kcy5Nb2RlbEJhY2tlbmQiLCJfYXV0aF91c2VyX2hhc2giOiJlODIzYThlMGY5NmMzMTU1MDBjM2VhYTk1NTAyYjU1ZWM0MDZiMWZjIn0=", "expire_date": "2020-06-06T14:07:36.578Z"}}, {"model": "sessions.session", "pk": "hcfiy3w8lotbkdtsw3p9w0710yw5y54k", "fields": {"session_data": "OTYwYTYzMzJkM2IyNzVlM2M2NDFkN2ZmY2QyNjE1ODA2N2U5NzMwNjp7Il9hdXRoX3VzZXJfaWQiOiI2IiwiX2F1dGhfdXNlcl9iYWNrZW5kIjoiZGphbmdvLmNvbnRyaWIuYXV0aC5iYWNrZW5kcy5Nb2RlbEJhY2tlbmQiLCJfYXV0aF91c2VyX2hhc2giOiJlODIzYThlMGY5NmMzMTU1MDBjM2VhYTk1NTAyYjU1ZWM0MDZiMWZjIn0=", "expire_date": "2020-05-29T20:21:54.037Z"}}, {"model": "sessions.session", "pk": "heo96v0gwm9dgvs0234en4h0ik3jk4dj", "fields": {"session_data": "OTYwYTYzMzJkM2IyNzVlM2M2NDFkN2ZmY2QyNjE1ODA2N2U5NzMwNjp7Il9hdXRoX3VzZXJfaWQiOiI2IiwiX2F1dGhfdXNlcl9iYWNrZW5kIjoiZGphbmdvLmNvbnRyaWIuYXV0aC5iYWNrZW5kcy5Nb2RlbEJhY2tlbmQiLCJfYXV0aF91c2VyX2hhc2giOiJlODIzYThlMGY5NmMzMTU1MDBjM2VhYTk1NTAyYjU1ZWM0MDZiMWZjIn0=", "expire_date": "2020-05-30T01:41:10.625Z"}}, {"model": "sessions.session", "pk": "hhkq9i52nr8vr5n5rkuya0qmfwbml20b", "fields": {"session_data": "OTYwYTYzMzJkM2IyNzVlM2M2NDFkN2ZmY2QyNjE1ODA2N2U5NzMwNjp7Il9hdXRoX3VzZXJfaWQiOiI2IiwiX2F1dGhfdXNlcl9iYWNrZW5kIjoiZGphbmdvLmNvbnRyaWIuYXV0aC5iYWNrZW5kcy5Nb2RlbEJhY2tlbmQiLCJfYXV0aF91c2VyX2hhc2giOiJlODIzYThlMGY5NmMzMTU1MDBjM2VhYTk1NTAyYjU1ZWM0MDZiMWZjIn0=", "expire_date": "2020-06-05T18:09:49.121Z"}}, {"model": "sessions.session", "pk": "hqedk8qo8s1rpgj7c7w431bznhaporx1", "fields": {"session_data": "OTYwYTYzMzJkM2IyNzVlM2M2NDFkN2ZmY2QyNjE1ODA2N2U5NzMwNjp7Il9hdXRoX3VzZXJfaWQiOiI2IiwiX2F1dGhfdXNlcl9iYWNrZW5kIjoiZGphbmdvLmNvbnRyaWIuYXV0aC5iYWNrZW5kcy5Nb2RlbEJhY2tlbmQiLCJfYXV0aF91c2VyX2hhc2giOiJlODIzYThlMGY5NmMzMTU1MDBjM2VhYTk1NTAyYjU1ZWM0MDZiMWZjIn0=", "expire_date": "2020-06-07T16:41:20.691Z"}}, {"model": "sessions.session", "pk": "ibprll3vj559r4omqg14sc3urz2ro7n5", "fields": {"session_data": "OTYwYTYzMzJkM2IyNzVlM2M2NDFkN2ZmY2QyNjE1ODA2N2U5NzMwNjp7Il9hdXRoX3VzZXJfaWQiOiI2IiwiX2F1dGhfdXNlcl9iYWNrZW5kIjoiZGphbmdvLmNvbnRyaWIuYXV0aC5iYWNrZW5kcy5Nb2RlbEJhY2tlbmQiLCJfYXV0aF91c2VyX2hhc2giOiJlODIzYThlMGY5NmMzMTU1MDBjM2VhYTk1NTAyYjU1ZWM0MDZiMWZjIn0=", "expire_date": "2020-05-15T16:25:03.296Z"}}, {"model": "sessions.session", "pk": "iud6clbvwv2kp9y1k6k3bbx83irhssy8", "fields": {"session_data": "OTYwYTYzMzJkM2IyNzVlM2M2NDFkN2ZmY2QyNjE1ODA2N2U5NzMwNjp7Il9hdXRoX3VzZXJfaWQiOiI2IiwiX2F1dGhfdXNlcl9iYWNrZW5kIjoiZGphbmdvLmNvbnRyaWIuYXV0aC5iYWNrZW5kcy5Nb2RlbEJhY2tlbmQiLCJfYXV0aF91c2VyX2hhc2giOiJlODIzYThlMGY5NmMzMTU1MDBjM2VhYTk1NTAyYjU1ZWM0MDZiMWZjIn0=", "expire_date": "2020-06-05T15:19:07.220Z"}}, {"model": "sessions.session", "pk": "iy8verlsri549x0ufd0zccjomt93ndjh", "fields": {"session_data": "OTYwYTYzMzJkM2IyNzVlM2M2NDFkN2ZmY2QyNjE1ODA2N2U5NzMwNjp7Il9hdXRoX3VzZXJfaWQiOiI2IiwiX2F1dGhfdXNlcl9iYWNrZW5kIjoiZGphbmdvLmNvbnRyaWIuYXV0aC5iYWNrZW5kcy5Nb2RlbEJhY2tlbmQiLCJfYXV0aF91c2VyX2hhc2giOiJlODIzYThlMGY5NmMzMTU1MDBjM2VhYTk1NTAyYjU1ZWM0MDZiMWZjIn0=", "expire_date": "2020-06-04T17:49:00.174Z"}}, {"model": "sessions.session", "pk": "iz7gzk41xb1vs5g3ff9sp8ptwysgsoyl", "fields": {"session_data": "OTYwYTYzMzJkM2IyNzVlM2M2NDFkN2ZmY2QyNjE1ODA2N2U5NzMwNjp7Il9hdXRoX3VzZXJfaWQiOiI2IiwiX2F1dGhfdXNlcl9iYWNrZW5kIjoiZGphbmdvLmNvbnRyaWIuYXV0aC5iYWNrZW5kcy5Nb2RlbEJhY2tlbmQiLCJfYXV0aF91c2VyX2hhc2giOiJlODIzYThlMGY5NmMzMTU1MDBjM2VhYTk1NTAyYjU1ZWM0MDZiMWZjIn0=", "expire_date": "2020-06-05T14:22:27.144Z"}}, {"model": "sessions.session", "pk": "j7hdytfv22qdeb850u3snt5u2hcp5bb8", "fields": {"session_data": "OTYwYTYzMzJkM2IyNzVlM2M2NDFkN2ZmY2QyNjE1ODA2N2U5NzMwNjp7Il9hdXRoX3VzZXJfaWQiOiI2IiwiX2F1dGhfdXNlcl9iYWNrZW5kIjoiZGphbmdvLmNvbnRyaWIuYXV0aC5iYWNrZW5kcy5Nb2RlbEJhY2tlbmQiLCJfYXV0aF91c2VyX2hhc2giOiJlODIzYThlMGY5NmMzMTU1MDBjM2VhYTk1NTAyYjU1ZWM0MDZiMWZjIn0=", "expire_date": "2020-05-25T22:00:46.339Z"}}, {"model": "sessions.session", "pk": "jjwea7mbyzdhkpzh6lxvq3505vtnbp75", "fields": {"session_data": "OTYwYTYzMzJkM2IyNzVlM2M2NDFkN2ZmY2QyNjE1ODA2N2U5NzMwNjp7Il9hdXRoX3VzZXJfaWQiOiI2IiwiX2F1dGhfdXNlcl9iYWNrZW5kIjoiZGphbmdvLmNvbnRyaWIuYXV0aC5iYWNrZW5kcy5Nb2RlbEJhY2tlbmQiLCJfYXV0aF91c2VyX2hhc2giOiJlODIzYThlMGY5NmMzMTU1MDBjM2VhYTk1NTAyYjU1ZWM0MDZiMWZjIn0=", "expire_date": "2020-05-13T19:51:05.141Z"}}, {"model": "sessions.session", "pk": "jjxztxds9a56io7c2hfal0ilpkhesoqy", "fields": {"session_data": "OTYwYTYzMzJkM2IyNzVlM2M2NDFkN2ZmY2QyNjE1ODA2N2U5NzMwNjp7Il9hdXRoX3VzZXJfaWQiOiI2IiwiX2F1dGhfdXNlcl9iYWNrZW5kIjoiZGphbmdvLmNvbnRyaWIuYXV0aC5iYWNrZW5kcy5Nb2RlbEJhY2tlbmQiLCJfYXV0aF91c2VyX2hhc2giOiJlODIzYThlMGY5NmMzMTU1MDBjM2VhYTk1NTAyYjU1ZWM0MDZiMWZjIn0=", "expire_date": "2020-05-25T02:18:27.259Z"}}, {"model": "sessions.session", "pk": "k7qo85rj4x6ztlecgli86eybbp857pwf", "fields": {"session_data": "OTYwYTYzMzJkM2IyNzVlM2M2NDFkN2ZmY2QyNjE1ODA2N2U5NzMwNjp7Il9hdXRoX3VzZXJfaWQiOiI2IiwiX2F1dGhfdXNlcl9iYWNrZW5kIjoiZGphbmdvLmNvbnRyaWIuYXV0aC5iYWNrZW5kcy5Nb2RlbEJhY2tlbmQiLCJfYXV0aF91c2VyX2hhc2giOiJlODIzYThlMGY5NmMzMTU1MDBjM2VhYTk1NTAyYjU1ZWM0MDZiMWZjIn0=", "expire_date": "2020-06-07T15:32:19.289Z"}}, {"model": "sessions.session", "pk": "kbwj726sa73gfnpyiwpnrm0paxidpf2r", "fields": {"session_data": "OTYwYTYzMzJkM2IyNzVlM2M2NDFkN2ZmY2QyNjE1ODA2N2U5NzMwNjp7Il9hdXRoX3VzZXJfaWQiOiI2IiwiX2F1dGhfdXNlcl9iYWNrZW5kIjoiZGphbmdvLmNvbnRyaWIuYXV0aC5iYWNrZW5kcy5Nb2RlbEJhY2tlbmQiLCJfYXV0aF91c2VyX2hhc2giOiJlODIzYThlMGY5NmMzMTU1MDBjM2VhYTk1NTAyYjU1ZWM0MDZiMWZjIn0=", "expire_date": "2020-05-25T01:21:09.653Z"}}, {"model": "sessions.session", "pk": "keytca78bp3ahfkjqz5a432kg670phdu", "fields": {"session_data": "ZDQ5N2Q5YTdmY2E1ZmVjMWMyYjdlZGMzNzRiMmFlYzFkZDk2MmM4Mzp7ImFjY291bnRfdmVyaWZpZWRfZW1haWwiOm51bGwsIl9hdXRoX3VzZXJfaWQiOiI4IiwiX2F1dGhfdXNlcl9iYWNrZW5kIjoiZGphbmdvLmNvbnRyaWIuYXV0aC5iYWNrZW5kcy5Nb2RlbEJhY2tlbmQiLCJfYXV0aF91c2VyX2hhc2giOiI1ZjdlY2JiOGYzNmMyOTBmYmVjMzA1ZmRhODJiMGM1NTRmM2ZhOGVlIn0=", "expire_date": "2020-05-13T20:11:52.096Z"}}, {"model": "sessions.session", "pk": "kr4jrfz8jt18tbu65bruvafocathd2ne", "fields": {"session_data": "OTYwYTYzMzJkM2IyNzVlM2M2NDFkN2ZmY2QyNjE1ODA2N2U5NzMwNjp7Il9hdXRoX3VzZXJfaWQiOiI2IiwiX2F1dGhfdXNlcl9iYWNrZW5kIjoiZGphbmdvLmNvbnRyaWIuYXV0aC5iYWNrZW5kcy5Nb2RlbEJhY2tlbmQiLCJfYXV0aF91c2VyX2hhc2giOiJlODIzYThlMGY5NmMzMTU1MDBjM2VhYTk1NTAyYjU1ZWM0MDZiMWZjIn0=", "expire_date": "2020-06-07T17:12:08.858Z"}}, {"model": "sessions.session", "pk": "lbuzplmenaoves8iaozdhxta0x1eg0rw", "fields": {"session_data": "OTYwYTYzMzJkM2IyNzVlM2M2NDFkN2ZmY2QyNjE1ODA2N2U5NzMwNjp7Il9hdXRoX3VzZXJfaWQiOiI2IiwiX2F1dGhfdXNlcl9iYWNrZW5kIjoiZGphbmdvLmNvbnRyaWIuYXV0aC5iYWNrZW5kcy5Nb2RlbEJhY2tlbmQiLCJfYXV0aF91c2VyX2hhc2giOiJlODIzYThlMGY5NmMzMTU1MDBjM2VhYTk1NTAyYjU1ZWM0MDZiMWZjIn0=", "expire_date": "2020-05-28T19:02:58.222Z"}}, {"model": "sessions.session", "pk": "ljked70nw2gf3glclra5acvauuyetcsh", "fields": {"session_data": "OTYwYTYzMzJkM2IyNzVlM2M2NDFkN2ZmY2QyNjE1ODA2N2U5NzMwNjp7Il9hdXRoX3VzZXJfaWQiOiI2IiwiX2F1dGhfdXNlcl9iYWNrZW5kIjoiZGphbmdvLmNvbnRyaWIuYXV0aC5iYWNrZW5kcy5Nb2RlbEJhY2tlbmQiLCJfYXV0aF91c2VyX2hhc2giOiJlODIzYThlMGY5NmMzMTU1MDBjM2VhYTk1NTAyYjU1ZWM0MDZiMWZjIn0=", "expire_date": "2020-05-25T21:15:45.939Z"}}, {"model": "sessions.session", "pk": "m1bgmna9hc6xqkw8kkxp3qsrmq9h62s2", "fields": {"session_data": "M2Y5NGIyYmU1YjQzMjU2ZTQ4ODlhYTU1NzUxMWYxMjU2OTMzNDk5Yzp7ImFjY291bnRfdmVyaWZpZWRfZW1haWwiOm51bGwsIl9hdXRoX3VzZXJfaWQiOiI5IiwiX2F1dGhfdXNlcl9iYWNrZW5kIjoiZGphbmdvLmNvbnRyaWIuYXV0aC5iYWNrZW5kcy5Nb2RlbEJhY2tlbmQiLCJfYXV0aF91c2VyX2hhc2giOiI5MzNjNTI5MTJjODk2MmQzYTI4YjdmZGM0ODQ4MmVlYmE2ZDRlMGI1In0=", "expire_date": "2020-05-14T22:02:16.079Z"}}, {"model": "sessions.session", "pk": "m4b93d300ae0z3dg5n2z0ntv25ssggft", "fields": {"session_data": "OTYwYTYzMzJkM2IyNzVlM2M2NDFkN2ZmY2QyNjE1ODA2N2U5NzMwNjp7Il9hdXRoX3VzZXJfaWQiOiI2IiwiX2F1dGhfdXNlcl9iYWNrZW5kIjoiZGphbmdvLmNvbnRyaWIuYXV0aC5iYWNrZW5kcy5Nb2RlbEJhY2tlbmQiLCJfYXV0aF91c2VyX2hhc2giOiJlODIzYThlMGY5NmMzMTU1MDBjM2VhYTk1NTAyYjU1ZWM0MDZiMWZjIn0=", "expire_date": "2020-05-15T16:24:56.103Z"}}, {"model": "sessions.session", "pk": "mi4vfevql2uvq5vejdiljqkkw6cykwrt", "fields": {"session_data": "OTYwYTYzMzJkM2IyNzVlM2M2NDFkN2ZmY2QyNjE1ODA2N2U5NzMwNjp7Il9hdXRoX3VzZXJfaWQiOiI2IiwiX2F1dGhfdXNlcl9iYWNrZW5kIjoiZGphbmdvLmNvbnRyaWIuYXV0aC5iYWNrZW5kcy5Nb2RlbEJhY2tlbmQiLCJfYXV0aF91c2VyX2hhc2giOiJlODIzYThlMGY5NmMzMTU1MDBjM2VhYTk1NTAyYjU1ZWM0MDZiMWZjIn0=", "expire_date": "2020-06-07T15:47:08.597Z"}}, {"model": "sessions.session", "pk": "n7bgb1q3b4qsqlepoholy4lom3n1dbst", "fields": {"session_data": "OTYwYTYzMzJkM2IyNzVlM2M2NDFkN2ZmY2QyNjE1ODA2N2U5NzMwNjp7Il9hdXRoX3VzZXJfaWQiOiI2IiwiX2F1dGhfdXNlcl9iYWNrZW5kIjoiZGphbmdvLmNvbnRyaWIuYXV0aC5iYWNrZW5kcy5Nb2RlbEJhY2tlbmQiLCJfYXV0aF91c2VyX2hhc2giOiJlODIzYThlMGY5NmMzMTU1MDBjM2VhYTk1NTAyYjU1ZWM0MDZiMWZjIn0=", "expire_date": "2020-05-25T02:03:39.118Z"}}, {"model": "sessions.session", "pk": "neapd3d636btn94d3xod6uilwlt06vvx", "fields": {"session_data": "OTYwYTYzMzJkM2IyNzVlM2M2NDFkN2ZmY2QyNjE1ODA2N2U5NzMwNjp7Il9hdXRoX3VzZXJfaWQiOiI2IiwiX2F1dGhfdXNlcl9iYWNrZW5kIjoiZGphbmdvLmNvbnRyaWIuYXV0aC5iYWNrZW5kcy5Nb2RlbEJhY2tlbmQiLCJfYXV0aF91c2VyX2hhc2giOiJlODIzYThlMGY5NmMzMTU1MDBjM2VhYTk1NTAyYjU1ZWM0MDZiMWZjIn0=", "expire_date": "2020-05-20T19:27:12.391Z"}}, {"model": "sessions.session", "pk": "o5kzuazgn05wcof1selpufpg6jnfzdlh", "fields": {"session_data": "YzUwNjIyYjFmZGU2MWIyZjMwYTZiOTIyMGQ5YTIwYWFkMDJiNDA3ODp7ImFjY291bnRfdmVyaWZpZWRfZW1haWwiOm51bGwsIl9hdXRoX3VzZXJfaWQiOiI2IiwiX2F1dGhfdXNlcl9iYWNrZW5kIjoiZGphbmdvLmNvbnRyaWIuYXV0aC5iYWNrZW5kcy5Nb2RlbEJhY2tlbmQiLCJfYXV0aF91c2VyX2hhc2giOiJlODIzYThlMGY5NmMzMTU1MDBjM2VhYTk1NTAyYjU1ZWM0MDZiMWZjIn0=", "expire_date": "2020-05-13T17:06:46.918Z"}}, {"model": "sessions.session", "pk": "ob7htuopum7756emmn7j2juhx2jzk37q", "fields": {"session_data": "OTYwYTYzMzJkM2IyNzVlM2M2NDFkN2ZmY2QyNjE1ODA2N2U5NzMwNjp7Il9hdXRoX3VzZXJfaWQiOiI2IiwiX2F1dGhfdXNlcl9iYWNrZW5kIjoiZGphbmdvLmNvbnRyaWIuYXV0aC5iYWNrZW5kcy5Nb2RlbEJhY2tlbmQiLCJfYXV0aF91c2VyX2hhc2giOiJlODIzYThlMGY5NmMzMTU1MDBjM2VhYTk1NTAyYjU1ZWM0MDZiMWZjIn0=", "expire_date": "2020-05-25T21:21:20.744Z"}}, {"model": "sessions.session", "pk": "p3hss7gz16f3uvj6ysh75y2gnqdlq6hs", "fields": {"session_data": "OTYwYTYzMzJkM2IyNzVlM2M2NDFkN2ZmY2QyNjE1ODA2N2U5NzMwNjp7Il9hdXRoX3VzZXJfaWQiOiI2IiwiX2F1dGhfdXNlcl9iYWNrZW5kIjoiZGphbmdvLmNvbnRyaWIuYXV0aC5iYWNrZW5kcy5Nb2RlbEJhY2tlbmQiLCJfYXV0aF91c2VyX2hhc2giOiJlODIzYThlMGY5NmMzMTU1MDBjM2VhYTk1NTAyYjU1ZWM0MDZiMWZjIn0=", "expire_date": "2020-06-07T16:37:04.790Z"}}, {"model": "sessions.session", "pk": "q4mhgc4rn181zpswy9vla6vi5hj0uo10", "fields": {"session_data": "OTYwYTYzMzJkM2IyNzVlM2M2NDFkN2ZmY2QyNjE1ODA2N2U5NzMwNjp7Il9hdXRoX3VzZXJfaWQiOiI2IiwiX2F1dGhfdXNlcl9iYWNrZW5kIjoiZGphbmdvLmNvbnRyaWIuYXV0aC5iYWNrZW5kcy5Nb2RlbEJhY2tlbmQiLCJfYXV0aF91c2VyX2hhc2giOiJlODIzYThlMGY5NmMzMTU1MDBjM2VhYTk1NTAyYjU1ZWM0MDZiMWZjIn0=", "expire_date": "2020-06-07T17:18:48.356Z"}}, {"model": "sessions.session", "pk": "q7ot5sxeis37ap3oa6n47qi0x5a90g3o", "fields": {"session_data": "OTYwYTYzMzJkM2IyNzVlM2M2NDFkN2ZmY2QyNjE1ODA2N2U5NzMwNjp7Il9hdXRoX3VzZXJfaWQiOiI2IiwiX2F1dGhfdXNlcl9iYWNrZW5kIjoiZGphbmdvLmNvbnRyaWIuYXV0aC5iYWNrZW5kcy5Nb2RlbEJhY2tlbmQiLCJfYXV0aF91c2VyX2hhc2giOiJlODIzYThlMGY5NmMzMTU1MDBjM2VhYTk1NTAyYjU1ZWM0MDZiMWZjIn0=", "expire_date": "2020-05-25T02:20:28.226Z"}}, {"model": "sessions.session", "pk": "qr7myii2ppf9zl8kh0l2s9i2l3t2r5do", "fields": {"session_data": "OTYwYTYzMzJkM2IyNzVlM2M2NDFkN2ZmY2QyNjE1ODA2N2U5NzMwNjp7Il9hdXRoX3VzZXJfaWQiOiI2IiwiX2F1dGhfdXNlcl9iYWNrZW5kIjoiZGphbmdvLmNvbnRyaWIuYXV0aC5iYWNrZW5kcy5Nb2RlbEJhY2tlbmQiLCJfYXV0aF91c2VyX2hhc2giOiJlODIzYThlMGY5NmMzMTU1MDBjM2VhYTk1NTAyYjU1ZWM0MDZiMWZjIn0=", "expire_date": "2020-06-07T16:37:48.970Z"}}, {"model": "sessions.session", "pk": "qtz3la4as6fksef9qtjgxsh2j3vc7ndn", "fields": {"session_data": "NjkzODMyZDM3M2Q0MDRmNjU2ZjBlYmU5NTdlMzg5YTg4OTk0ZDQ0Zjp7Il9hdXRoX3VzZXJfaWQiOiI5IiwiX2F1dGhfdXNlcl9iYWNrZW5kIjoiZGphbmdvLmNvbnRyaWIuYXV0aC5iYWNrZW5kcy5Nb2RlbEJhY2tlbmQiLCJfYXV0aF91c2VyX2hhc2giOiI5MzNjNTI5MTJjODk2MmQzYTI4YjdmZGM0ODQ4MmVlYmE2ZDRlMGI1In0=", "expire_date": "2020-05-16T00:40:44.597Z"}}, {"model": "sessions.session", "pk": "r4gd4pyks0f6o5hf65yvc0d1trk8som5", "fields": {"session_data": "OTYwYTYzMzJkM2IyNzVlM2M2NDFkN2ZmY2QyNjE1ODA2N2U5NzMwNjp7Il9hdXRoX3VzZXJfaWQiOiI2IiwiX2F1dGhfdXNlcl9iYWNrZW5kIjoiZGphbmdvLmNvbnRyaWIuYXV0aC5iYWNrZW5kcy5Nb2RlbEJhY2tlbmQiLCJfYXV0aF91c2VyX2hhc2giOiJlODIzYThlMGY5NmMzMTU1MDBjM2VhYTk1NTAyYjU1ZWM0MDZiMWZjIn0=", "expire_date": "2020-05-13T21:22:03.263Z"}}, {"model": "sessions.session", "pk": "rrhrmadt0cp3tajpgnz5dqtazeragq1u", "fields": {"session_data": "OTYwYTYzMzJkM2IyNzVlM2M2NDFkN2ZmY2QyNjE1ODA2N2U5NzMwNjp7Il9hdXRoX3VzZXJfaWQiOiI2IiwiX2F1dGhfdXNlcl9iYWNrZW5kIjoiZGphbmdvLmNvbnRyaWIuYXV0aC5iYWNrZW5kcy5Nb2RlbEJhY2tlbmQiLCJfYXV0aF91c2VyX2hhc2giOiJlODIzYThlMGY5NmMzMTU1MDBjM2VhYTk1NTAyYjU1ZWM0MDZiMWZjIn0=", "expire_date": "2020-06-05T18:05:04.407Z"}}, {"model": "sessions.session", "pk": "sl76k2am78m791fdm4buktfkrizjic82", "fields": {"session_data": "OTYwYTYzMzJkM2IyNzVlM2M2NDFkN2ZmY2QyNjE1ODA2N2U5NzMwNjp7Il9hdXRoX3VzZXJfaWQiOiI2IiwiX2F1dGhfdXNlcl9iYWNrZW5kIjoiZGphbmdvLmNvbnRyaWIuYXV0aC5iYWNrZW5kcy5Nb2RlbEJhY2tlbmQiLCJfYXV0aF91c2VyX2hhc2giOiJlODIzYThlMGY5NmMzMTU1MDBjM2VhYTk1NTAyYjU1ZWM0MDZiMWZjIn0=", "expire_date": "2020-05-13T19:25:55.802Z"}}, {"model": "sessions.session", "pk": "tjr9urep7c5remg9isjdxbq923dsx2vn", "fields": {"session_data": "OTYwYTYzMzJkM2IyNzVlM2M2NDFkN2ZmY2QyNjE1ODA2N2U5NzMwNjp7Il9hdXRoX3VzZXJfaWQiOiI2IiwiX2F1dGhfdXNlcl9iYWNrZW5kIjoiZGphbmdvLmNvbnRyaWIuYXV0aC5iYWNrZW5kcy5Nb2RlbEJhY2tlbmQiLCJfYXV0aF91c2VyX2hhc2giOiJlODIzYThlMGY5NmMzMTU1MDBjM2VhYTk1NTAyYjU1ZWM0MDZiMWZjIn0=", "expire_date": "2020-06-07T17:50:24.632Z"}}, {"model": "sessions.session", "pk": "tpus1ryxw18nj3kbemoj9nwhjofhrqln", "fields": {"session_data": "OTYwYTYzMzJkM2IyNzVlM2M2NDFkN2ZmY2QyNjE1ODA2N2U5NzMwNjp7Il9hdXRoX3VzZXJfaWQiOiI2IiwiX2F1dGhfdXNlcl9iYWNrZW5kIjoiZGphbmdvLmNvbnRyaWIuYXV0aC5iYWNrZW5kcy5Nb2RlbEJhY2tlbmQiLCJfYXV0aF91c2VyX2hhc2giOiJlODIzYThlMGY5NmMzMTU1MDBjM2VhYTk1NTAyYjU1ZWM0MDZiMWZjIn0=", "expire_date": "2020-06-01T15:50:32.948Z"}}, {"model": "sessions.session", "pk": "u568pwtu8rczb08jbxn6m2mkrt9fwf0x", "fields": {"session_data": "OTYwYTYzMzJkM2IyNzVlM2M2NDFkN2ZmY2QyNjE1ODA2N2U5NzMwNjp7Il9hdXRoX3VzZXJfaWQiOiI2IiwiX2F1dGhfdXNlcl9iYWNrZW5kIjoiZGphbmdvLmNvbnRyaWIuYXV0aC5iYWNrZW5kcy5Nb2RlbEJhY2tlbmQiLCJfYXV0aF91c2VyX2hhc2giOiJlODIzYThlMGY5NmMzMTU1MDBjM2VhYTk1NTAyYjU1ZWM0MDZiMWZjIn0=", "expire_date": "2020-06-05T17:20:13.840Z"}}, {"model": "sessions.session", "pk": "u7olkph502q832mdcfcmvk4lnzfyhftr", "fields": {"session_data": "OTYwYTYzMzJkM2IyNzVlM2M2NDFkN2ZmY2QyNjE1ODA2N2U5NzMwNjp7Il9hdXRoX3VzZXJfaWQiOiI2IiwiX2F1dGhfdXNlcl9iYWNrZW5kIjoiZGphbmdvLmNvbnRyaWIuYXV0aC5iYWNrZW5kcy5Nb2RlbEJhY2tlbmQiLCJfYXV0aF91c2VyX2hhc2giOiJlODIzYThlMGY5NmMzMTU1MDBjM2VhYTk1NTAyYjU1ZWM0MDZiMWZjIn0=", "expire_date": "2020-05-15T19:15:11.122Z"}}, {"model": "sessions.session", "pk": "v88ljjmzzy2bxn21dnlvy2utc5tjf1dc", "fields": {"session_data": "YWRmMjQ4ZjcxOTQzYjExNGE5NTYyMGM3YmQxZDliNWQ5NTQ5YTJmZTp7Il9hdXRoX3VzZXJfaWQiOiI4IiwiX2F1dGhfdXNlcl9iYWNrZW5kIjoiZGphbmdvLmNvbnRyaWIuYXV0aC5iYWNrZW5kcy5Nb2RlbEJhY2tlbmQiLCJfYXV0aF91c2VyX2hhc2giOiI1ZjdlY2JiOGYzNmMyOTBmYmVjMzA1ZmRhODJiMGM1NTRmM2ZhOGVlIn0=", "expire_date": "2020-05-13T20:12:10.360Z"}}, {"model": "sessions.session", "pk": "ve3xpb1moa27pyy0b78dba77yb244aa0", "fields": {"session_data": "OTYwYTYzMzJkM2IyNzVlM2M2NDFkN2ZmY2QyNjE1ODA2N2U5NzMwNjp7Il9hdXRoX3VzZXJfaWQiOiI2IiwiX2F1dGhfdXNlcl9iYWNrZW5kIjoiZGphbmdvLmNvbnRyaWIuYXV0aC5iYWNrZW5kcy5Nb2RlbEJhY2tlbmQiLCJfYXV0aF91c2VyX2hhc2giOiJlODIzYThlMGY5NmMzMTU1MDBjM2VhYTk1NTAyYjU1ZWM0MDZiMWZjIn0=", "expire_date": "2020-05-31T00:16:14.438Z"}}, {"model": "sessions.session", "pk": "vl23f2ca80g45ar9bsj0wbio9joj3zbm", "fields": {"session_data": "OTYwYTYzMzJkM2IyNzVlM2M2NDFkN2ZmY2QyNjE1ODA2N2U5NzMwNjp7Il9hdXRoX3VzZXJfaWQiOiI2IiwiX2F1dGhfdXNlcl9iYWNrZW5kIjoiZGphbmdvLmNvbnRyaWIuYXV0aC5iYWNrZW5kcy5Nb2RlbEJhY2tlbmQiLCJfYXV0aF91c2VyX2hhc2giOiJlODIzYThlMGY5NmMzMTU1MDBjM2VhYTk1NTAyYjU1ZWM0MDZiMWZjIn0=", "expire_date": "2020-05-25T01:18:39.937Z"}}, {"model": "sessions.session", "pk": "vtndm5uow3kjrdw1dmlk3swbt0xqwsnz", "fields": {"session_data": "OTYwYTYzMzJkM2IyNzVlM2M2NDFkN2ZmY2QyNjE1ODA2N2U5NzMwNjp7Il9hdXRoX3VzZXJfaWQiOiI2IiwiX2F1dGhfdXNlcl9iYWNrZW5kIjoiZGphbmdvLmNvbnRyaWIuYXV0aC5iYWNrZW5kcy5Nb2RlbEJhY2tlbmQiLCJfYXV0aF91c2VyX2hhc2giOiJlODIzYThlMGY5NmMzMTU1MDBjM2VhYTk1NTAyYjU1ZWM0MDZiMWZjIn0=", "expire_date": "2020-06-01T15:00:37.115Z"}}, {"model": "sessions.session", "pk": "w3ql7t2a04c5zq4hgg4whg8vnm14b8z0", "fields": {"session_data": "OTYwYTYzMzJkM2IyNzVlM2M2NDFkN2ZmY2QyNjE1ODA2N2U5NzMwNjp7Il9hdXRoX3VzZXJfaWQiOiI2IiwiX2F1dGhfdXNlcl9iYWNrZW5kIjoiZGphbmdvLmNvbnRyaWIuYXV0aC5iYWNrZW5kcy5Nb2RlbEJhY2tlbmQiLCJfYXV0aF91c2VyX2hhc2giOiJlODIzYThlMGY5NmMzMTU1MDBjM2VhYTk1NTAyYjU1ZWM0MDZiMWZjIn0=", "expire_date": "2020-05-15T16:23:34.039Z"}}, {"model": "sessions.session", "pk": "w6qn9vpbxby7luz4bifne7z1z3z6erou", "fields": {"session_data": "YWRmMjQ4ZjcxOTQzYjExNGE5NTYyMGM3YmQxZDliNWQ5NTQ5YTJmZTp7Il9hdXRoX3VzZXJfaWQiOiI4IiwiX2F1dGhfdXNlcl9iYWNrZW5kIjoiZGphbmdvLmNvbnRyaWIuYXV0aC5iYWNrZW5kcy5Nb2RlbEJhY2tlbmQiLCJfYXV0aF91c2VyX2hhc2giOiI1ZjdlY2JiOGYzNmMyOTBmYmVjMzA1ZmRhODJiMGM1NTRmM2ZhOGVlIn0=", "expire_date": "2020-05-13T20:12:29.478Z"}}, {"model": "sessions.session", "pk": "wc1zualsck3q6o4uslbd97u8bl1c8f0j", "fields": {"session_data": "OTYwYTYzMzJkM2IyNzVlM2M2NDFkN2ZmY2QyNjE1ODA2N2U5NzMwNjp7Il9hdXRoX3VzZXJfaWQiOiI2IiwiX2F1dGhfdXNlcl9iYWNrZW5kIjoiZGphbmdvLmNvbnRyaWIuYXV0aC5iYWNrZW5kcy5Nb2RlbEJhY2tlbmQiLCJfYXV0aF91c2VyX2hhc2giOiJlODIzYThlMGY5NmMzMTU1MDBjM2VhYTk1NTAyYjU1ZWM0MDZiMWZjIn0=", "expire_date": "2020-05-25T01:52:03.235Z"}}, {"model": "sessions.session", "pk": "wi7urbusbuwa1j261lhh8b1wm5se5875", "fields": {"session_data": "OTYwYTYzMzJkM2IyNzVlM2M2NDFkN2ZmY2QyNjE1ODA2N2U5NzMwNjp7Il9hdXRoX3VzZXJfaWQiOiI2IiwiX2F1dGhfdXNlcl9iYWNrZW5kIjoiZGphbmdvLmNvbnRyaWIuYXV0aC5iYWNrZW5kcy5Nb2RlbEJhY2tlbmQiLCJfYXV0aF91c2VyX2hhc2giOiJlODIzYThlMGY5NmMzMTU1MDBjM2VhYTk1NTAyYjU1ZWM0MDZiMWZjIn0=", "expire_date": "2020-06-05T13:04:15.432Z"}}, {"model": "sessions.session", "pk": "wjs5zbq826ro20vh7sgaawxmyh9jc13z", "fields": {"session_data": "OTYwYTYzMzJkM2IyNzVlM2M2NDFkN2ZmY2QyNjE1ODA2N2U5NzMwNjp7Il9hdXRoX3VzZXJfaWQiOiI2IiwiX2F1dGhfdXNlcl9iYWNrZW5kIjoiZGphbmdvLmNvbnRyaWIuYXV0aC5iYWNrZW5kcy5Nb2RlbEJhY2tlbmQiLCJfYXV0aF91c2VyX2hhc2giOiJlODIzYThlMGY5NmMzMTU1MDBjM2VhYTk1NTAyYjU1ZWM0MDZiMWZjIn0=", "expire_date": "2020-05-15T18:25:16.033Z"}}, {"model": "sessions.session", "pk": "xsiawr0q86u1b42z7prh490jse3iv9u5", "fields": {"session_data": "OTYwYTYzMzJkM2IyNzVlM2M2NDFkN2ZmY2QyNjE1ODA2N2U5NzMwNjp7Il9hdXRoX3VzZXJfaWQiOiI2IiwiX2F1dGhfdXNlcl9iYWNrZW5kIjoiZGphbmdvLmNvbnRyaWIuYXV0aC5iYWNrZW5kcy5Nb2RlbEJhY2tlbmQiLCJfYXV0aF91c2VyX2hhc2giOiJlODIzYThlMGY5NmMzMTU1MDBjM2VhYTk1NTAyYjU1ZWM0MDZiMWZjIn0=", "expire_date": "2020-05-29T17:50:55.134Z"}}, {"model": "sessions.session", "pk": "xvtqx6uxmka0q61u56m8z0q3n63f9uan", "fields": {"session_data": "OTYwYTYzMzJkM2IyNzVlM2M2NDFkN2ZmY2QyNjE1ODA2N2U5NzMwNjp7Il9hdXRoX3VzZXJfaWQiOiI2IiwiX2F1dGhfdXNlcl9iYWNrZW5kIjoiZGphbmdvLmNvbnRyaWIuYXV0aC5iYWNrZW5kcy5Nb2RlbEJhY2tlbmQiLCJfYXV0aF91c2VyX2hhc2giOiJlODIzYThlMGY5NmMzMTU1MDBjM2VhYTk1NTAyYjU1ZWM0MDZiMWZjIn0=", "expire_date": "2020-05-13T20:11:20.158Z"}}, {"model": "sessions.session", "pk": "yeyb05iiplnh679w2tcd43dlugvu37rg", "fields": {"session_data": "OTYwYTYzMzJkM2IyNzVlM2M2NDFkN2ZmY2QyNjE1ODA2N2U5NzMwNjp7Il9hdXRoX3VzZXJfaWQiOiI2IiwiX2F1dGhfdXNlcl9iYWNrZW5kIjoiZGphbmdvLmNvbnRyaWIuYXV0aC5iYWNrZW5kcy5Nb2RlbEJhY2tlbmQiLCJfYXV0aF91c2VyX2hhc2giOiJlODIzYThlMGY5NmMzMTU1MDBjM2VhYTk1NTAyYjU1ZWM0MDZiMWZjIn0=", "expire_date": "2020-05-13T20:03:43.334Z"}}, {"model": "sessions.session", "pk": "z4biabj402mz9kv50sis7zxzmv6m4g7u", "fields": {"session_data": "OTYwYTYzMzJkM2IyNzVlM2M2NDFkN2ZmY2QyNjE1ODA2N2U5NzMwNjp7Il9hdXRoX3VzZXJfaWQiOiI2IiwiX2F1dGhfdXNlcl9iYWNrZW5kIjoiZGphbmdvLmNvbnRyaWIuYXV0aC5iYWNrZW5kcy5Nb2RlbEJhY2tlbmQiLCJfYXV0aF91c2VyX2hhc2giOiJlODIzYThlMGY5NmMzMTU1MDBjM2VhYTk1NTAyYjU1ZWM0MDZiMWZjIn0=", "expire_date": "2020-06-07T15:40:47.256Z"}}, {"model": "sessions.session", "pk": "zu2oel89etrclysxoh1zzgsh0bxqejr7", "fields": {"session_data": "OTYwYTYzMzJkM2IyNzVlM2M2NDFkN2ZmY2QyNjE1ODA2N2U5NzMwNjp7Il9hdXRoX3VzZXJfaWQiOiI2IiwiX2F1dGhfdXNlcl9iYWNrZW5kIjoiZGphbmdvLmNvbnRyaWIuYXV0aC5iYWNrZW5kcy5Nb2RlbEJhY2tlbmQiLCJfYXV0aF91c2VyX2hhc2giOiJlODIzYThlMGY5NmMzMTU1MDBjM2VhYTk1NTAyYjU1ZWM0MDZiMWZjIn0=", "expire_date": "2020-05-13T19:26:41.660Z"}}, {"model": "sessions.session", "pk": "zw9n5s34ei1kw064dex28azlvi4rap1b", "fields": {"session_data": "OTYwYTYzMzJkM2IyNzVlM2M2NDFkN2ZmY2QyNjE1ODA2N2U5NzMwNjp7Il9hdXRoX3VzZXJfaWQiOiI2IiwiX2F1dGhfdXNlcl9iYWNrZW5kIjoiZGphbmdvLmNvbnRyaWIuYXV0aC5iYWNrZW5kcy5Nb2RlbEJhY2tlbmQiLCJfYXV0aF91c2VyX2hhc2giOiJlODIzYThlMGY5NmMzMTU1MDBjM2VhYTk1NTAyYjU1ZWM0MDZiMWZjIn0=", "expire_date": "2020-06-05T13:49:23.273Z"}}, {"model": "sites.site", "pk": 1, "fields": {"domain": "example.com", "name": "example.com"}}, {"model": "wishlist.game", "pk": 1, "fields": {"title": "Owlboy", "steam_id": 115800, "base_price": "24.99", "curr_price": "24.99"}}, {"model": "wishlist.game", "pk": 2, "fields": {"title": "The Messenger", "steam_id": 764790, "base_price": "19.99", "curr_price": "19.99"}}, {"model": "wishlist.game", "pk": 3, "fields": {"title": "Baba Is You", "steam_id": 736260, "base_price": "14.99", "curr_price": "14.99"}}, {"model": "wishlist.game", "pk": 4, "fields": {"title": "Yooka-Laylee and the Impossible Lair", "steam_id": 846870, "base_price": "29.99", "curr_price": "29.99"}}, {"model": "wishlist.game", "pk": 5, "fields": {"title": "Into the Breach", "steam_id": 590380, "base_price": "14.99", "curr_price": "14.99"}}, {"model": "wishlist.game", "pk": 6, "fields": {"title": "Red Dead Redemption 2", "steam_id": 1174180, "base_price": "59.99", "curr_price": "59.99"}}, {"model": "wishlist.game", "pk": 7, "fields": {"title": "Environmental Station Alpha", "steam_id": 350070, "base_price": "7.99", "curr_price": "7.99"}}, {"model": "wishlist.game", "pk": 8, "fields": {"title": "La-Mulana", "steam_id": 230700, "base_price": "14.99", "curr_price": "14.99"}}, {"model": "wishlist.game", "pk": 9, "fields": {"title": "Nioh", "steam_id": 485510, "base_price": "49.99", "curr_price": "49.99"}}, {"model": "wishlist.game", "pk": 10, "fields": {"title": "Hitman GO", "steam_id": 427820, "base_price": "7.99", "curr_price": "7.99"}}, {"model": "wishlist.game", "pk": 11, "fields": {"title": "Wargroove", "steam_id": 607050, "base_price": "19.99", "curr_price": "19.99"}}, {"model": "wishlist.game", "pk": 12, "fields": {"title": "Moonlighter", "steam_id": 606150, "base_price": "19.99", "curr_price": "19.99"}}, {"model": "wishlist.game", "pk": 13, "fields": {"title": "Toki Tori", "steam_id": 38700, "base_price": "4.99", "curr_price": "4.99"}}, {"model": "wishlist.game", "pk": 14, "fields": {"title": "Toki Tori 2", "steam_id": 201420, "base_price": "14.99", "curr_price": "14.99"}}, {"model": "wishlist.game", "pk": 15, "fields": {"title": "Monster Hunter World", "steam_id": 582010, "base_price": "29.99", "curr_price": "29.99"}}, {"model": "wishlist.game", "pk": 16, "fields": {"title": "Cuphead", "steam_id": 268910, "base_price": "19.99", "curr_price": "19.99"}}, {"model": "wishlist.game", "pk": 17, "fields": {"title": "Metal Gear Rising: Revengeance", "steam_id": 235460, "base_price": "29.99", "curr_price": "29.99"}}, {"model": "wishlist.game", "pk": 18, "fields": {"title": "Dead Cells", "steam_id": 588650, "base_price": "24.99", "curr_price": "24.99"}}, {"model": "wishlist.game", "pk": 19, "fields": {"title": "Katana ZERO", "steam_id": 460950, "base_price": "14.99", "curr_price": "14.99"}}, {"model": "wishlist.game", "pk": 20, "fields": {"title": "Shantae and the Pirate's Curse", "steam_id": 345820, "base_price": "19.99", "curr_price": "19.99"}}, {"model": "wishlist.game", "pk": 21, "fields": {"title": "Shantae: Half-Genie Hero", "steam_id": 253840, "base_price": "19.99", "curr_price": "19.99"}}, {"model": "wishlist.game", "pk": 22, "fields": {"title": "Salt and Sanctuary", "steam_id": 283640, "base_price": "17.99", "curr_price": "17.99"}}, {"model": "wishlist.game", "pk": 23, "fields": {"title": "Thomas Was Alone", "steam_id": 220780, "base_price": "9.99", "curr_price": "9.99"}}, {"model": "wishlist.game", "pk": 24, "fields": {"title": "Dandara", "steam_id": 612390, "base_price": "14.99", "curr_price": "14.99"}}, {"model": "wishlist.game", "pk": 25, "fields": {"title": "West of Loathing", "steam_id": 597220, "base_price": "10.99", "curr_price": "10.99"}}, {"model": "wishlist.game", "pk": 26, "fields": {"title": "Valdis Story: Abyssal City", "steam_id": 252030, "base_price": "14.99", "curr_price": "14.99"}}, {"model": "wishlist.game", "pk": 27, "fields": {"title": "Monolith", "steam_id": 603960, "base_price": "7.99", "curr_price": "7.99"}}, {"model": "wishlist.game", "pk": 28, "fields": {"title": "Monster Prom", "steam_id": 743450, "base_price": "11.99", "curr_price": "11.99"}}, {"model": "wishlist.game", "pk": 29, "fields": {"title": "Bloodstained: Curse of the Moon", "steam_id": 838310, "base_price": "9.99", "curr_price": "9.99"}}, {"model": "wishlist.game", "pk": 30, "fields": {"title": "Cultist Simulator", "steam_id": 718670, "base_price": "19.99", "curr_price": "19.99"}}, {"model": "wishlist.game", "pk": 31, "fields": {"title": "Bloodstained: Ritual of the Night", "steam_id": 692850, "base_price": "39.99", "curr_price": "39.99"}}, {"model": "wishlist.game", "pk": 32, "fields": {"title": "Yakuza 0", "steam_id": 638970, "base_price": "19.99", "curr_price": "19.99"}}, {"model": "wishlist.game", "pk": 33, "fields": {"title": "Return of the Obra Dinn", "steam_id": 653530, "base_price": "19.99", "curr_price": "19.99"}}, {"model": "wishlist.game", "pk": 34, "fields": {"title": "DOOM", "steam_id": 379720, "base_price": "19.99", "curr_price": "19.99"}}, {"model": "wishlist.game", "pk": 35, "fields": {"title": "Mirror's Edge", "steam_id": 17410, "base_price": "19.99", "curr_price": "19.99"}}, {"model": "wishlist.game", "pk": 36, "fields": {"title": "Portal", "steam_id": 400, "base_price": "9.99", "curr_price": "9.99"}}, {"model": "wishlist.game", "pk": 37, "fields": {"title": "Portal 2", "steam_id": 620, "base_price": "9.99", "curr_price": "9.99"}}, {"model": "wishlist.game", "pk": 38, "fields": {"title": "Left 4 Dead 2", "steam_id": 550, "base_price": "9.99", "curr_price": "9.99"}}, {"model": "wishlist.game", "pk": 39, "fields": {"title": "Left 4 Dead", "steam_id": 500, "base_price": "9.99", "curr_price": "9.99"}}, {"model": "wishlist.game", "pk": 40, "fields": {"title": "Sid Meier's Civilization IV: Beyond the Sword", "steam_id": 8800, "base_price": "9.99", "curr_price": "9.99"}}, {"model": "wishlist.game", "pk": 41, "fields": {"title": "Sid Meier's Civilization V", "steam_id": 8930, "base_price": "59.99", "curr_price": "59.99"}}, {"model": "wishlist.game", "pk": 42, "fields": {"title": "Sid Meier's Civilization VI", "steam_id": 289070, "base_price": "59.99", "curr_price": "59.99"}}, {"model": "wishlist.game", "pk": 43, "fields": {"title": "BioShock Infinite", "steam_id": 8870, "base_price": "29.99", "curr_price": "29.99"}}, {"model": "wishlist.game", "pk": 44, "fields": {"title": "BioShock 2 Remastered", "steam_id": 409720, "base_price": "19.99", "curr_price": "19.99"}}, {"model": "wishlist.game", "pk": 45, "fields": {"title": "BioShock Remastered", "steam_id": 409710, "base_price": "19.99", "curr_price": "19.99"}}, {"model": "wishlist.game", "pk": 46, "fields": {"title": "Tomb Raider", "steam_id": 203160, "base_price": "19.99", "curr_price": "19.99"}}, {"model": "wishlist.game", "pk": 47, "fields": {"title": "Rise of the Tomb Raider", "steam_id": 391220, "base_price": "29.99", "curr_price": "29.99"}}, {"model": "wishlist.game", "pk": 48, "fields": {"title": "Shadow of the Tomb Raider: Definitive Edition", "steam_id": 750920, "base_price": "59.36", "curr_price": "59.36"}}, {"model": "wishlist.game", "pk": 49, "fields": {"title": "Batman: Arkham Asylum GOTY", "steam_id": 35140, "base_price": "19.99", "curr_price": "19.99"}}, {"model": "wishlist.game", "pk": 50, "fields": {"title": "Batman: Arkham City GOTY", "steam_id": 200260, "base_price": "19.99", "curr_price": "19.99"}}, {"model": "wishlist.game", "pk": 51, "fields": {"title": "Batman: Arkham Knight", "steam_id": 208650, "base_price": "19.99", "curr_price": "19.99"}}, {"model": "wishlist.game", "pk": 52, "fields": {"title": "Batman: Arkham Origins", "steam_id": 209000, "base_price": "19.99", "curr_price": "19.99"}}, {"model": "wishlist.game", "pk": 53, "fields": {"title": "Fallout: New Vegas", "steam_id": 22380, "base_price": "9.99", "curr_price": "9.99"}}, {"model": "wishlist.game", "pk": 54, "fields": {"title": "The Elder Scrolls V: Skyrim", "steam_id": 489830, "base_price": "39.99", "curr_price": "39.99"}}, {"model": "wishlist.game", "pk": 55, "fields": {"title": "The Witcher: Enhanced Edition Director's Cut", "steam_id": 20900, "base_price": "9.99", "curr_price": "9.99"}}, {"model": "wishlist.game", "pk": 56, "fields": {"title": "The Witcher 2: Assassins of Kings Enhanced Edition", "steam_id": 20920, "base_price": "19.99", "curr_price": "19.99"}}, {"model": "wishlist.game", "pk": 57, "fields": {"title": "The Witcher 3: Wild Hunt", "steam_id": 292030, "base_price": "39.99", "curr_price": "39.99"}}, {"model": "wishlist.game", "pk": 58, "fields": {"title": "Terraria", "steam_id": 105600, "base_price": "9.99", "curr_price": "9.99"}}, {"model": "wishlist.game", "pk": 59, "fields": {"title": "Stardew Valley", "steam_id": 413150, "base_price": "14.99", "curr_price": "14.99"}}, {"model": "wishlist.game", "pk": 60, "fields": {"title": "Grand Theft Auto V", "steam_id": 271590, "base_price": "29.99", "curr_price": "29.99"}}, {"model": "wishlist.game", "pk": 61, "fields": {"title": "Grand Theft Auto IV: The Complete Edition", "steam_id": 12210, "base_price": "19.99", "curr_price": "19.99"}}, {"model": "wishlist.game", "pk": 62, "fields": {"title": "Grand Theft Auto: San Andreas", "steam_id": 12120, "base_price": "14.99", "curr_price": "14.99"}}, {"model": "wishlist.game", "pk": 63, "fields": {"title": "Grand Theft Auto: Vice City", "steam_id": 12110, "base_price": "9.99", "curr_price": "9.99"}}, {"model": "wishlist.game", "pk": 64, "fields": {"title": "Borderlands Game of the Year Edition", "steam_id": 8980, "base_price": "29.99", "curr_price": "29.99"}}, {"model": "wishlist.game", "pk": 65, "fields": {"title": "Borderlands 2", "steam_id": 49520, "base_price": "19.99", "curr_price": "19.99"}}, {"model": "wishlist.game", "pk": 66, "fields": {"title": "Borderlands: The Pre-Sequel", "steam_id": 261640, "base_price": "39.99", "curr_price": "39.99"}}, {"model": "wishlist.game", "pk": 67, "fields": {"title": "Borderlands 3", "steam_id": 397540, "base_price": "59.99", "curr_price": "59.99"}}, {"model": "wishlist.game", "pk": 68, "fields": {"title": "Bastion", "steam_id": 107100, "base_price": "14.99", "curr_price": "14.99"}}, {"model": "wishlist.game", "pk": 69, "fields": {"title": "Transistor", "steam_id": 237930, "base_price": "19.99", "curr_price": "19.99"}}, {"model": "wishlist.game", "pk": 70, "fields": {"title": "Pyre", "steam_id": 462770, "base_price": "19.99", "curr_price": "19.99"}}, {"model": "wishlist.game", "pk": 71, "fields": {"title": "Hades", "steam_id": 1145360, "base_price": "24.99", "curr_price": "24.99"}}, {"model": "wishlist.game", "pk": 72, "fields": {"title": "Dark Souls II: Scholar of the First Sin", "steam_id": 335300, "base_price": "39.99", "curr_price": "39.99"}}, {"model": "wishlist.game", "pk": 73, "fields": {"title": "Dark Souls III", "steam_id": 374320, "base_price": "59.99", "curr_price": "59.99"}}, {"model": "wishlist.game", "pk": 74, "fields": {"title": "Dark Souls: Remastered", "steam_id": 570940, "base_price": "39.99", "curr_price": "39.99"}}, {"model": "wishlist.game", "pk": 75, "fields": {"title": "Assassin's Creed II Deluxe Edition", "steam_id": 33230, "base_price": "19.99", "curr_price": "19.99"}}, {"model": "wishlist.game", "pk": 76, "fields": {"title": "Assassin's Creed IV Black Flag", "steam_id": 242050, "base_price": "19.99", "curr_price": "19.99"}}, {"model": "wishlist.game", "pk": 77, "fields": {"title": "Assassin's Creed Odyssey", "steam_id": 812140, "base_price": "59.99", "curr_price": "59.99"}}, {"model": "wishlist.game", "pk": 78, "fields": {"title": "Mass Effect", "steam_id": 17460, "base_price": "19.99", "curr_price": "19.99"}}, {"model": "wishlist.game", "pk": 79, "fields": {"title": "Mass Effect 2", "steam_id": 901242, "base_price": "29.99", "curr_price": "29.99"}}, {"model": "wishlist.game", "pk": 80, "fields": {"title": "Dead Space 2", "steam_id": 47780, "base_price": "19.99", "curr_price": "19.99"}}, {"model": "wishlist.game", "pk": 81, "fields": {"title": "Dead Space", "steam_id": 17470, "base_price": "19.99", "curr_price": "19.99"}}, {"model": "wishlist.game", "pk": 82, "fields": {"title": "FTL: Faster Than Light", "steam_id": 212680, "base_price": "9.99", "curr_price": "9.99"}}, {"model": "wishlist.game", "pk": 83, "fields": {"title": "Slay the Spire", "steam_id": 646570, "base_price": "24.99", "curr_price": "24.99"}}, {"model": "wishlist.game", "pk": 84, "fields": {"title": "Dicey Dungeons", "steam_id": 861540, "base_price": "14.99", "curr_price": "14.99"}}, {"model": "wishlist.game", "pk": 85, "fields": {"title": "Mount & Blade: Warband", "steam_id": 48700, "base_price": "19.99", "curr_price": "19.99"}}, {"model": "wishlist.game", "pk": 86, "fields": {"title": "SpaceChem", "steam_id": 92800, "base_price": "9.99", "curr_price": "9.99"}}, {"model": "wishlist.game", "pk": 87, "fields": {"title": "Infinifactory", "steam_id": 300570, "base_price": "24.99", "curr_price": "24.99"}}, {"model": "wishlist.game", "pk": 88, "fields": {"title": "TIS-100", "steam_id": 370360, "base_price": "6.99", "curr_price": "6.99"}}, {"model": "wishlist.game", "pk": 89, "fields": {"title": "Shenzhen I/O", "steam_id": 504210, "base_price": "14.99", "curr_price": "14.99"}}, {"model": "wishlist.game", "pk": 90, "fields": {"title": "Opus Magnum", "steam_id": 558990, "base_price": "19.99", "curr_price": "19.99"}}, {"model": "wishlist.game", "pk": 91, "fields": {"title": "Factorio", "steam_id": 427520, "base_price": "30.00", "curr_price": "30.00"}}, {"model": "wishlist.game", "pk": 92, "fields": {"title": "FEZ", "steam_id": 224760, "base_price": "9.99", "curr_price": "9.99"}}, {"model": "wishlist.game", "pk": 93, "fields": {"title": "XCOM: Enemy Unknown", "steam_id": 200510, "base_price": "29.99", "curr_price": "29.99"}}, {"model": "wishlist.game", "pk": 94, "fields": {"title": "XCOM2", "steam_id": 268500, "base_price": "59.99", "curr_price": "59.99"}}, {"model": "wishlist.game", "pk": 95, "fields": {"title": "Nuclear Throne", "steam_id": 242680, "base_price": "11.99", "curr_price": "11.99"}}, {"model": "wishlist.game", "pk": 96, "fields": {"title": "The Binding of Isaac: Rebirth", "steam_id": 250900, "base_price": "14.99", "curr_price": "14.99"}}, {"model": "wishlist.game", "pk": 97, "fields": {"title": "Enter the Gungeon", "steam_id": 311690, "base_price": "14.99", "curr_price": "14.99"}}, {"model": "wishlist.game", "pk": 98, "fields": {"title": "Hotline Miami", "steam_id": 219150, "base_price": "9.99", "curr_price": "9.99"}}, {"model": "wishlist.game", "pk": 99, "fields": {"title": "Hotline Miami 2", "steam_id": 274170, "base_price": "14.99", "curr_price": "14.99"}}, {"model": "wishlist.game", "pk": 100, "fields": {"title": "APE OUT", "steam_id": 447150, "base_price": "14.99", "curr_price": "14.99"}}, {"model": "wishlist.game", "pk": 101, "fields": {"title": "SUPERHOT", "steam_id": 617830, "base_price": "24.99", "curr_price": "24.99"}}, {"model": "wishlist.game", "pk": 102, "fields": {"title": "My Friend Pedro", "steam_id": 557340, "base_price": "19.99", "curr_price": "19.99"}}, {"model": "wishlist.game", "pk": 103, "fields": {"title": "My Time at Portia", "steam_id": 666140, "base_price": "29.99", "curr_price": "29.99"}}, {"model": "wishlist.game", "pk": 104, "fields": {"title": "Slime Rancher", "steam_id": 433340, "base_price": "19.99", "curr_price": "19.99"}}, {"model": "wishlist.game", "pk": 105, "fields": {"title": "Subnautica", "steam_id": 264710, "base_price": "24.99", "curr_price": "24.99"}}, {"model": "wishlist.game", "pk": 106, "fields": {"title": "Starbound", "steam_id": 211820, "base_price": "14.99", "curr_price": "14.99"}}, {"model": "wishlist.game", "pk": 107, "fields": {"title": "Rimworld", "steam_id": 294100, "base_price": "34.99", "curr_price": "34.99"}}, {"model": "wishlist.game", "pk": 108, "fields": {"title": "Don't Starve Together", "steam_id": 322330, "base_price": "14.99", "curr_price": "14.99"}}, {"model": "wishlist.game", "pk": 109, "fields": {"title": "Oxygen Not Included", "steam_id": 457140, "base_price": "24.99", "curr_price": "24.99"}}, {"model": "wishlist.game", "pk": 110, "fields": {"title": "Undertale", "steam_id": 391540, "base_price": "9.99", "curr_price": "9.99"}}, {"model": "wishlist.game", "pk": 111, "fields": {"title": "Dishonored 2", "steam_id": 403640, "base_price": "39.99", "curr_price": "39.99"}}, {"model": "wishlist.game", "pk": 112, "fields": {"title": "NieR: Automata", "steam_id": 524220, "base_price": "39.99", "curr_price": "39.99"}}, {"model": "wishlist.game", "pk": 113, "fields": {"title": "Astroneer", "steam_id": 361420, "base_price": "29.99", "curr_price": "29.99"}}, {"model": "wishlist.game", "pk": 114, "fields": {"title": "Overcooked", "steam_id": 448510, "base_price": "16.99", "curr_price": "16.99"}}, {"model": "wishlist.game", "pk": 115, "fields": {"title": "Overcooked 2", "steam_id": 728880, "base_price": "24.99", "curr_price": "24.99"}}, {"model": "wishlist.game", "pk": 116, "fields": {"title": "Broforce", "steam_id": 274190, "base_price": "14.99", "curr_price": "14.99"}}, {"model": "wishlist.game", "pk": 117, "fields": {"title": "Darkest Dungeon", "steam_id": 262060, "base_price": "24.99", "curr_price": "24.99"}}, {"model": "wishlist.game", "pk": 118, "fields": {"title": "RUINER", "steam_id": 464060, "base_price": "19.99", "curr_price": "19.99"}}, {"model": "wishlist.game", "pk": 119, "fields": {"title": "Downwell", "steam_id": 360740, "base_price": "2.99", "curr_price": "2.99"}}, {"model": "wishlist.game", "pk": 120, "fields": {"title": "A Hat in Time", "steam_id": 253230, "base_price": "29.99", "curr_price": "29.99"}}, {"model": "wishlist.game", "pk": 121, "fields": {"title": "Gato Roboto", "steam_id": 916730, "base_price": "7.99", "curr_price": "7.99"}}, {"model": "wishlist.game", "pk": 122, "fields": {"title": "Minit", "steam_id": 609490, "base_price": "9.99", "curr_price": "9.99"}}, {"model": "wishlist.game", "pk": 123, "fields": {"title": "Crypt of the Necrodancer", "steam_id": 247080, "base_price": "14.99", "curr_price": "14.99"}}, {"model": "wishlist.game", "pk": 124, "fields": {"title": "Crosscode", "steam_id": 368340, "base_price": "19.99", "curr_price": "19.99"}}, {"model": "wishlist.game", "pk": 125, "fields": {"title": "Mark of the Ninja", "steam_id": 214560, "base_price": "19.99", "curr_price": "19.99"}}, {"model": "wishlist.game", "pk": 126, "fields": {"title": "DUSK", "steam_id": 519860, "base_price": "19.99", "curr_price": "19.99"}}, {"model": "wishlist.game", "pk": 127, "fields": {"title": "The Talos Principle", "steam_id": 257510, "base_price": "39.99", "curr_price": "39.99"}}, {"model": "wishlist.game", "pk": 128, "fields": {"title": "Brothers - A Tale of Two Sons", "steam_id": 225080, "base_price": "14.99", "curr_price": "14.99"}}, {"model": "wishlist.game", "pk": 129, "fields": {"title": "Supraland", "steam_id": 813630, "base_price": "19.99", "curr_price": "19.99"}}, {"model": "wishlist.game", "pk": 130, "fields": {"title": "Gorogoa", "steam_id": 557600, "base_price": "14.99", "curr_price": "14.99"}}, {"model": "wishlist.game", "pk": 131, "fields": {"title": "Noita", "steam_id": 881100, "base_price": "17.99", "curr_price": "17.99"}}, {"model": "wishlist.game", "pk": 132, "fields": {"title": "Streets of Rogue", "steam_id": 512900, "base_price": "19.99", "curr_price": "19.99"}}, {"model": "wishlist.game", "pk": 133, "fields": {"title": "Kenshi", "steam_id": 233860, "base_price": "29.99", "curr_price": "29.99"}}, {"model": "wishlist.game", "pk": 134, "fields": {"title": "Black Mesa", "steam_id": 362890, "base_price": "19.99", "curr_price": "19.99"}}, {"model": "wishlist.game", "pk": 135, "fields": {"title": "TowerFall Ascension", "steam_id": 251470, "base_price": "14.99", "curr_price": "14.99"}}, {"model": "wishlist.game", "pk": 136, "fields": {"title": "Crawl", "steam_id": 293780, "base_price": "14.99", "curr_price": "14.99"}}, {"model": "wishlist.game", "pk": 137, "fields": {"title": "One Step from Eden", "steam_id": 960690, "base_price": "19.99", "curr_price": "19.99"}}, {"model": "wishlist.game", "pk": 138, "fields": {"title": "A Short Hike", "steam_id": 1055540, "base_price": "7.99", "curr_price": "7.99"}}, {"model": "wishlist.game", "pk": 139, "fields": {"title": "Sayonara Wild Hearts", "steam_id": 1122720, "base_price": "12.99", "curr_price": "12.99"}}, {"model": "wishlist.game", "pk": 140, "fields": {"title": "Shovel Knight: Treasure Trove", "steam_id": 250760, "base_price": "39.99", "curr_price": "39.99"}}, {"model": "wishlist.game", "pk": 141, "fields": {"title": "1001 Spikes", "steam_id": 260790, "base_price": "14.99", "curr_price": "14.99"}}, {"model": "wishlist.game", "pk": 142, "fields": {"title": "Risk of Rain 2", "steam_id": 632360, "base_price": "19.99", "curr_price": "19.99"}}, {"model": "wishlist.game", "pk": 143, "fields": {"title": "South Park: The Stick of Truth", "steam_id": 213670, "base_price": "29.99", "curr_price": "29.99"}}, {"model": "wishlist.game", "pk": 144, "fields": {"title": "Castle Crashers", "steam_id": 204360, "base_price": "14.99", "curr_price": "14.99"}}, {"model": "wishlist.game", "pk": 145, "fields": {"title": "BattleBlock Theatre", "steam_id": 238460, "base_price": "14.99", "curr_price": "14.99"}}, {"model": "wishlist.game", "pk": 146, "fields": {"title": "Hyper Light Drifter", "steam_id": 257850, "base_price": "19.99", "curr_price": "19.99"}}, {"model": "wishlist.game", "pk": 147, "fields": {"title": "Furi", "steam_id": 423230, "base_price": "19.99", "curr_price": "19.99"}}, {"model": "wishlist.game", "pk": 148, "fields": {"title": "Touhou Luna Nights", "steam_id": 851100, "base_price": "17.99", "curr_price": "17.99"}}, {"model": "wishlist.game", "pk": 149, "fields": {"title": "Dust: An Elysian Tail", "steam_id": 236090, "base_price": "14.99", "curr_price": "14.99"}}, {"model": "wishlist.game", "pk": 150, "fields": {"title": "Rogue Legacy", "steam_id": 241600, "base_price": "14.99", "curr_price": "14.99"}}, {"model": "wishlist.game", "pk": 151, "fields": {"title": "Spelunky", "steam_id": 239350, "base_price": "14.99", "curr_price": "14.99"}}, {"model": "wishlist.game", "pk": 152, "fields": {"title": "Snake Pass", "steam_id": 544330, "base_price": "19.99", "curr_price": "19.99"}}, {"model": "wishlist.game", "pk": 153, "fields": {"title": "Yoku's Island Express", "steam_id": 334940, "base_price": "19.99", "curr_price": "19.99"}}, {"model": "wishlist.game", "pk": 154, "fields": {"title": "Super Meat Boy", "steam_id": 40800, "base_price": "14.99", "curr_price": "14.99"}}, {"model": "wishlist.game", "pk": 155, "fields": {"title": "VVVVVV", "steam_id": 70300, "base_price": "4.99", "curr_price": "4.99"}}, {"model": "wishlist.game", "pk": 156, "fields": {"title": "Celeste", "steam_id": 504230, "base_price": "19.99", "curr_price": "19.99"}}, {"model": "wishlist.game", "pk": 157, "fields": {"title": "Rayman Legends", "steam_id": 242550, "base_price": "29.99", "curr_price": "29.99"}}, {"model": "wishlist.game", "pk": 158, "fields": {"title": "Sonic Mania", "steam_id": 584400, "base_price": "19.99", "curr_price": "19.99"}}, {"model": "wishlist.game", "pk": 159, "fields": {"title": "Axiom Verge", "steam_id": 332200, "base_price": "19.99", "curr_price": "19.99"}}, {"model": "wishlist.game", "pk": 160, "fields": {"title": "Hollow Knight", "steam_id": 367520, "base_price": "14.99", "curr_price": "14.99"}}, {"model": "wishlist.game", "pk": 161, "fields": {"title": "Guacamelee! Super Turbo Championship Edition", "steam_id": 275390, "base_price": "14.99", "curr_price": "14.99"}}, {"model": "wishlist.game", "pk": 162, "fields": {"title": "Guacamelee! 2", "steam_id": 534550, "base_price": "19.99", "curr_price": "19.99"}}, {"model": "wishlist.game", "pk": 163, "fields": {"title": "SteamWorld Dig 2", "steam_id": 571310, "base_price": "19.99", "curr_price": "19.99"}}, {"model": "wishlist.game", "pk": 164, "fields": {"title": "Ori and the Blind Forest: Definitive Edition", "steam_id": 387290, "base_price": "19.99", "curr_price": "19.99"}}, {"model": "wishlist.game", "pk": 165, "fields": {"title": "Ori and the Will of the Wisps", "steam_id": 1057090, "base_price": "29.99", "curr_price": "29.99"}}, {"model": "wishlist.game", "pk": 166, "fields": {"title": "Sekiro: Shadows Die Twice", "steam_id": 814380, "base_price": "59.99", "curr_price": "59.99"}}, {"model": "wishlist.game", "pk": 167, "fields": {"title": "Bayonetta", "steam_id": 460790, "base_price": "19.99", "curr_price": "19.99"}}, {"model": "wishlist.game", "pk": 168, "fields": {"title": "Devil May Cry 5", "steam_id": 601150, "base_price": "39.99", "curr_price": "39.99"}}, {"model": "wishlist.game", "pk": 169, "fields": {"title": "Skullgirls", "steam_id": 245170, "base_price": "9.99", "curr_price": "9.99"}}, {"model": "wishlist.game", "pk": 170, "fields": {"title": "Rivals of Aether", "steam_id": 383980, "base_price": "14.99", "curr_price": "14.99"}}, {"model": "wishlist.game", "pk": 171, "fields": {"title": "Abzu", "steam_id": 384190, "base_price": "19.99", "curr_price": "19.99"}}, {"model": "wishlist.game", "pk": 172, "fields": {"title": "Gris", "steam_id": 683320, "base_price": "16.99", "curr_price": "16.99"}}, {"model": "wishlist.game", "pk": 173, "fields": {"title": "Wandersong", "steam_id": 530320, "base_price": "19.99", "curr_price": "19.99"}}, {"model": "wishlist.game", "pk": 174, "fields": {"title": "Night in the Woods", "steam_id": 481510, "base_price": "19.99", "curr_price": "19.99"}}, {"model": "wishlist.game", "pk": 175, "fields": {"title": "Yuppie Psycho", "steam_id": 597760, "base_price": "16.66", "curr_price": "16.66"}}, {"model": "wishlist.game", "pk": 176, "fields": {"title": "Papers, Please", "steam_id": 239030, "base_price": "9.99", "curr_price": "9.99"}}, {"model": "wishlist.game", "pk": 177, "fields": {"title": "Hypnospace Outlaw", "steam_id": 844590, "base_price": "19.99", "curr_price": "19.99"}}, {"model": "wishlist.game", "pk": 178, "fields": {"title": "OneShot", "steam_id": 420530, "base_price": "9.99", "curr_price": "9.99"}}, {"model": "wishlist.game", "pk": 179, "fields": {"title": "VA-11 Hall-A: Cyberpunk Bartender Action", "steam_id": 447530, "base_price": "14.99", "curr_price": "14.99"}}, {"model": "wishlist.game", "pk": 180, "fields": {"title": "To The Moon", "steam_id": 206440, "base_price": "9.99", "curr_price": "9.99"}}, {"model": "wishlist.game", "pk": 181, "fields": {"title": "Heaven's Vault", "steam_id": 774201, "base_price": "24.99", "curr_price": "24.99"}}, {"model": "wishlist.game", "pk": 182, "fields": {"title": "Just Shapes & Beats", "steam_id": 531510, "base_price": "19.99", "curr_price": "19.99"}}, {"model": "wishlist.game", "pk": 183, "fields": {"title": "Geometry Dash", "steam_id": 322170, "base_price": "3.99", "curr_price": "3.99"}}, {"model": "wishlist.game", "pk": 184, "fields": {"title": "Super Hexagon", "steam_id": 221640, "base_price": "2.99", "curr_price": "2.99"}}, {"model": "wishlist.game", "pk": 185, "fields": {"title": "Muse Dash", "steam_id": 774171, "base_price": "2.99", "curr_price": "2.99"}}, {"model": "wishlist.game", "pk": 186, "fields": {"title": "Garry's Mod", "steam_id": 4000, "base_price": "9.99", "curr_price": "9.99"}}, {"model": "wishlist.game", "pk": 187, "fields": {"title": "Kerbal Space Program", "steam_id": 220200, "base_price": "39.99", "curr_price": "39.99"}}, {"model": "wishlist.game", "pk": 188, "fields": {"title": "Euro Truck Simulator 2", "steam_id": 227300, "base_price": "19.99", "curr_price": "19.99"}}, {"model": "wishlist.game", "pk": 189, "fields": {"title": "Totally Accurate Battle Simulator", "steam_id": 508440, "base_price": "14.99", "curr_price": "14.99"}}, {"model": "wishlist.game", "pk": 190, "fields": {"title": "Tabletop Simulator", "steam_id": 286160, "base_price": "19.99", "curr_price": "19.99"}}, {"model": "wishlist.game", "pk": 191, "fields": {"title": "Planet Coaster", "steam_id": 493340, "base_price": "44.99", "curr_price": "44.99"}}, {"model": "wishlist.game", "pk": 192, "fields": {"title": "Two Point Hospital", "steam_id": 535930, "base_price": "34.99", "curr_price": "34.99"}}, {"model": "wishlist.game", "pk": 193, "fields": {"title": "House Flipper", "steam_id": 613100, "base_price": "19.99", "curr_price": "19.99"}}, {"model": "wishlist.game", "pk": 194, "fields": {"title": "Cities: Skylines", "steam_id": 255710, "base_price": "29.99", "curr_price": "29.99"}}, {"model": "wishlist.game", "pk": 195, "fields": {"title": "Planet Zoo", "steam_id": 703080, "base_price": "44.99", "curr_price": "44.99"}}, {"model": "wishlist.game", "pk": 196, "fields": {"title": "Human: Fall Flat", "steam_id": 477160, "base_price": "14.99", "curr_price": "14.99"}}, {"model": "wishlist.game", "pk": 197, "fields": {"title": "Dying Light", "steam_id": 239140, "base_price": "39.99", "curr_price": "39.99"}}, {"model": "wishlist.game", "pk": 198, "fields": {"title": "Killing Floor 2", "steam_id": 232090, "base_price": "29.99", "curr_price": "29.99"}}, {"model": "wishlist.game", "pk": 199, "fields": {"title": "ARK: Survival Evolved", "steam_id": 346110, "base_price": "49.99", "curr_price": "49.99"}}, {"model": "wishlist.game", "pk": 200, "fields": {"title": "The Forest", "steam_id": 242760, "base_price": "19.99", "curr_price": "19.99"}}, {"model": "wishlist.game", "pk": 201, "fields": {"title": "Shadow Tactics: Blades of the Shogun", "steam_id": 418240, "base_price": "39.99", "curr_price": "39.99"}}, {"model": "wishlist.game", "pk": 202, "fields": {"title": "Total War: Three Kingdoms", "steam_id": 779340, "base_price": "59.99", "curr_price": "59.99"}}, {"model": "wishlist.game", "pk": 203, "fields": {"title": "Stellaris", "steam_id": 281990, "base_price": "39.99", "curr_price": "39.99"}}, {"model": "wishlist.game", "pk": 204, "fields": {"title": "Europa Universalis IV", "steam_id": 236850, "base_price": "39.99", "curr_price": "39.99"}}, {"model": "wishlist.game", "pk": 205, "fields": {"title": "Age of Empires II: Definitive Edition", "steam_id": 813780, "base_price": "19.99", "curr_price": "19.99"}}, {"model": "wishlist.game", "pk": 206, "fields": {"title": "Age of Empires II (2013)", "steam_id": 221380, "base_price": "19.99", "curr_price": "19.99"}}, {"model": "wishlist.game", "pk": 207, "fields": {"title": "Total War: Rome II - Emperor Edition", "steam_id": 214950, "base_price": "59.99", "curr_price": "59.99"}}, {"model": "wishlist.game", "pk": 208, "fields": {"title": "Northgard", "steam_id": 466560, "base_price": "29.99", "curr_price": "29.99"}}, {"model": "wishlist.game", "pk": 209, "fields": {"title": "Frostpunk", "steam_id": 323190, "base_price": "29.99", "curr_price": "29.99"}}, {"model": "wishlist.game", "pk": 210, "fields": {"title": "They Are Billions", "steam_id": 644930, "base_price": "29.99", "curr_price": "29.99"}}, {"model": "wishlist.game", "pk": 211, "fields": {"title": "Disco Elysium", "steam_id": 632470, "base_price": "39.99", "curr_price": "39.99"}}, {"model": "wishlist.game", "pk": 212, "fields": {"title": "Divinity: Original Sin 2", "steam_id": 435150, "base_price": "44.99", "curr_price": "44.99"}}, {"model": "wishlist.game", "pk": 213, "fields": {"title": "Pillars of Eternity II: Deadfire", "steam_id": 560130, "base_price": "39.99", "curr_price": "39.99"}}, {"model": "wishlist.game", "pk": 214, "fields": {"title": "Torchlight II", "steam_id": 200710, "base_price": "19.99", "curr_price": "19.99"}}, {"model": "wishlist.game", "pk": 215, "fields": {"title": "Dragon Quest XI: Echoes of an Elusive Age", "steam_id": 742120, "base_price": "59.99", "curr_price": "59.99"}}, {"model": "wishlist.game", "pk": 216, "fields": {"title": "Octopath Traveler", "steam_id": 921570, "base_price": "59.99", "curr_price": "59.99"}}, {"model": "wishlist.game", "pk": 217, "fields": {"title": "Rainbow Six Siege", "steam_id": 359550, "base_price": "19.99", "curr_price": "19.99"}}, {"model": "wishlist.game", "pk": 218, "fields": {"title": "World of Horror", "steam_id": 913740, "base_price": "14.99", "curr_price": "14.99"}}, {"model": "wishlist.game", "pk": 219, "fields": {"title": "Amnesia: The Dark Descent", "steam_id": 57300, "base_price": "19.99", "curr_price": "19.99"}}, {"model": "wishlist.game", "pk": 220, "fields": {"title": "Amnesia: A Machine for Pigs", "steam_id": 239200, "base_price": "19.99", "curr_price": "19.99"}}, {"model": "wishlist.game", "pk": 221, "fields": {"title": "SOMA", "steam_id": 282140, "base_price": "29.99", "curr_price": "29.99"}}, {"model": "wishlist.game", "pk": 222, "fields": {"title": "Outlast", "steam_id": 238320, "base_price": "19.99", "curr_price": "19.99"}}, {"model": "wishlist.game", "pk": 223, "fields": {"title": "Spec Ops: The Line", "steam_id": 50300, "base_price": "29.99", "curr_price": "29.99"}}, {"model": "wishlist.game", "pk": 224, "fields": {"title": "Shadow Warrior 2", "steam_id": 324800, "base_price": "39.99", "curr_price": "39.99"}}, {"model": "wishlist.game", "pk": 225, "fields": {"title": "Shadow Warrior Classic Redux", "steam_id": 225160, "base_price": "9.99", "curr_price": "9.99"}}, {"model": "wishlist.game", "pk": 226, "fields": {"title": "Metro 2033 Redux", "steam_id": 286690, "base_price": "19.99", "curr_price": "19.99"}}, {"model": "wishlist.game", "pk": 227, "fields": {"title": "Metro: Last Light Redux", "steam_id": 287390, "base_price": "19.99", "curr_price": "19.99"}}, {"model": "wishlist.game", "pk": 228, "fields": {"title": "Shadowrun: Dragonfall - Director's Cut", "steam_id": 300550, "base_price": "14.99", "curr_price": "14.99"}}, {"model": "wishlist.game", "pk": 229, "fields": {"title": "The Stanley Parable", "steam_id": 221910, "base_price": "14.99", "curr_price": "14.99"}}, {"model": "wishlist.game", "pk": 230, "fields": {"title": "Rocket League", "steam_id": 252950, "base_price": "19.99", "curr_price": "19.99"}}, {"model": "wishlist.game", "pk": 231, "fields": {"title": "Darksiders: Warmastered Edition", "steam_id": 462780, "base_price": "19.99", "curr_price": "19.99"}}, {"model": "wishlist.game", "pk": 232, "fields": {"title": "The Bureau: XCOM Declassified", "steam_id": 65930, "base_price": "19.99", "curr_price": "19.99"}}, {"model": "wishlist.game", "pk": 233, "fields": {"title": "X-COM: UFO Defense", "steam_id": 7760, "base_price": "4.99", "curr_price": "4.99"}}, {"model": "wishlist.game", "pk": 234, "fields": {"title": "Hitman: Absolution", "steam_id": 203140, "base_price": "19.99", "curr_price": "19.99"}}, {"model": "wishlist.game", "pk": 235, "fields": {"title": "Don't Starve", "steam_id": 219740, "base_price": "9.99", "curr_price": "9.99"}}, {"model": "wishlist.game", "pk": 236, "fields": {"title": "Alan Wake", "steam_id": 108710, "base_price": "14.99", "curr_price": "14.99"}}, {"model": "wishlist.game", "pk": 237, "fields": {"title": "Alan Wake's American Nightmare", "steam_id": 202750, "base_price": "8.99", "curr_price": "8.99"}}, {"model": "wishlist.game", "pk": 238, "fields": {"title": "Hitman 2", "steam_id": 863550, "base_price": "59.95", "curr_price": "59.95"}}, {"model": "wishlist.game", "pk": 239, "fields": {"title": "Limbo", "steam_id": 48000, "base_price": "9.99", "curr_price": "9.99"}}, {"model": "wishlist.game", "pk": 240, "fields": {"title": "Firewatch", "steam_id": 383870, "base_price": "19.99", "curr_price": "19.99"}}, {"model": "wishlist.game", "pk": 241, "fields": {"title": "What Remains of Edith Finch", "steam_id": 501300, "base_price": "19.99", "curr_price": "19.99"}}, {"model": "wishlist.game", "pk": 242, "fields": {"title": "Just Cause 3", "steam_id": 225540, "base_price": "19.99", "curr_price": "19.99"}}, {"model": "wishlist.game", "pk": 243, "fields": {"title": "Just Cause 2", "steam_id": 8190, "base_price": "14.99", "curr_price": "14.99"}}, {"model": "wishlist.game", "pk": 244, "fields": {"title": "Just Cause", "steam_id": 6880, "base_price": "6.99", "curr_price": "6.99"}}, {"model": "wishlist.game", "pk": 245, "fields": {"title": "Mad Max", "steam_id": 234140, "base_price": "19.99", "curr_price": "19.99"}}, {"model": "wishlist.game", "pk": 246, "fields": {"title": "Hellblade: Senua's Sacrifice", "steam_id": 414340, "base_price": "29.99", "curr_price": "29.99"}}, {"model": "wishlist.game", "pk": 247, "fields": {"title": "American Truck Simulator", "steam_id": 270880, "base_price": "19.99", "curr_price": "19.99"}}, {"model": "wishlist.game", "pk": 248, "fields": {"title": "Chivalry: Medieval Warfare", "steam_id": 219640, "base_price": "24.99", "curr_price": "24.99"}}, {"model": "wishlist.game", "pk": 249, "fields": {"title": "Shadowrun Returns", "steam_id": 234650, "base_price": "14.99", "curr_price": "14.99"}}, {"model": "wishlist.game", "pk": 250, "fields": {"title": "Shadowrun: Hong Kong - Extended Edition", "steam_id": 346940, "base_price": "19.99", "curr_price": "19.99"}}, {"model": "wishlist.game", "pk": 251, "fields": {"title": "Guns of Icarus: Online", "steam_id": 209080, "base_price": "4.99", "curr_price": "4.99"}}, {"model": "wishlist.game", "pk": 252, "fields": {"title": "Middle-earth: Shadow of Mordor", "steam_id": 241930, "base_price": "19.99", "curr_price": "19.99"}}, {"model": "wishlist.game", "pk": 253, "fields": {"title": "Middle-earth: Shadow of War", "steam_id": 356190, "base_price": "49.99", "curr_price": "49.99"}}, {"model": "wishlist.game", "pk": 254, "fields": {"title": "Counter-Strike: Source", "steam_id": 240, "base_price": "9.99", "curr_price": "9.99"}}, {"model": "wishlist.game", "pk": 255, "fields": {"title": "Half-Life 2", "steam_id": 220, "base_price": "9.99", "curr_price": "9.99"}}, {"model": "wishlist.game", "pk": 256, "fields": {"title": "Rust", "steam_id": 252490, "base_price": "39.99", "curr_price": "39.99"}}, {"model": "wishlist.game", "pk": 257, "fields": {"title": "Hacknet", "steam_id": 365450, "base_price": "9.99", "curr_price": "9.99"}}, {"model": "wishlist.game", "pk": 258, "fields": {"title": "Valkyria Chronicles", "steam_id": 294860, "base_price": "19.99", "curr_price": "19.99"}}, {"model": "wishlist.game", "pk": 259, "fields": {"title": "Call of Juarez Gunslinger", "steam_id": 204450, "base_price": "14.99", "curr_price": "14.99"}}, {"model": "wishlist.game", "pk": 260, "fields": {"title": "Invisible Inc", "steam_id": 243970, "base_price": "19.99", "curr_price": "19.99"}}, {"model": "wishlist.game", "pk": 261, "fields": {"title": "Lethal League", "steam_id": 261180, "base_price": "13.99", "curr_price": "13.99"}}, {"model": "wishlist.game", "pk": 262, "fields": {"title": "Metal Gear Solid V: The Phantom Pain", "steam_id": 287700, "base_price": "19.99", "curr_price": "19.99"}}, {"model": "wishlist.game", "pk": 263, "fields": {"title": "Metal Gear Solid V: Ground Zeroes", "steam_id": 311340, "base_price": "19.99", "curr_price": "19.99"}}, {"model": "wishlist.game", "pk": 264, "fields": {"title": "Elite Dangerous", "steam_id": 359320, "base_price": "29.99", "curr_price": "29.99"}}, {"model": "wishlist.game", "pk": 265, "fields": {"title": "Sniper Elite v2", "steam_id": 63380, "base_price": "22.96", "curr_price": "22.96"}}, {"model": "wishlist.game", "pk": 266, "fields": {"title": "Grim Dawn", "steam_id": 219990, "base_price": "24.99", "curr_price": "24.99"}}, {"model": "wishlist.game", "pk": 267, "fields": {"title": "Psychonauts", "steam_id": 3830, "base_price": "9.99", "curr_price": "9.99"}}, {"model": "wishlist.game", "pk": 268, "fields": {"title": "Risen", "steam_id": 40300, "base_price": "9.99", "curr_price": "9.99"}}, {"model": "wishlist.game", "pk": 269, "fields": {"title": "F.E.A.R. 3", "steam_id": 21100, "base_price": "19.99", "curr_price": "19.99"}}, {"model": "wishlist.game", "pk": 270, "fields": {"title": "F.E.A.R. 2: Project Origin", "steam_id": 16450, "base_price": "14.99", "curr_price": "14.99"}}, {"model": "wishlist.game", "pk": 271, "fields": {"title": "F.E.A.R.", "steam_id": 21090, "base_price": "54.99", "curr_price": "54.99"}}, {"model": "wishlist.game", "pk": 272, "fields": {"title": "S.T.A.L.K.E.R.: Shadow of Chernobyl", "steam_id": 4500, "base_price": "19.99", "curr_price": "19.99"}}, {"model": "wishlist.game", "pk": 273, "fields": {"title": "S.T.A.L.K.E.R.: Call of Pripyat", "steam_id": 41700, "base_price": "19.99", "curr_price": "19.99"}}, {"model": "wishlist.game", "pk": 274, "fields": {"title": "Gone Home", "steam_id": 232430, "base_price": "14.99", "curr_price": "14.99"}}, {"model": "wishlist.game", "pk": 275, "fields": {"title": "The Elder Scrolls IV: Oblivion Game of the Year Edition", "steam_id": 22330, "base_price": "14.99", "curr_price": "14.99"}}, {"model": "wishlist.game", "pk": 276, "fields": {"title": "Magicka 2", "steam_id": 238370, "base_price": "14.99", "curr_price": "14.99"}}, {"model": "wishlist.game", "pk": 277, "fields": {"title": "Magicka", "steam_id": 42910, "base_price": "9.99", "curr_price": "9.99"}}, {"model": "wishlist.game", "pk": 278, "fields": {"title": "Deus Ex: Invisible War", "steam_id": 6920, "base_price": "6.99", "curr_price": "6.99"}}, {"model": "wishlist.game", "pk": 279, "fields": {"title": "Deus Ex: Game of the Year Edition", "steam_id": 6910, "base_price": "6.99", "curr_price": "6.99"}}, {"model": "wishlist.game", "pk": 280, "fields": {"title": "Deus Ex: Mankind Divided", "steam_id": 337000, "base_price": "29.99", "curr_price": "29.99"}}, {"model": "wishlist.game", "pk": 281, "fields": {"title": "Deus Ex: Human Revolution - Director's Cut", "steam_id": 238010, "base_price": "19.99", "curr_price": "19.99"}}, {"model": "wishlist.game", "pk": 282, "fields": {"title": "Deus Ex: The Fall", "steam_id": 258180, "base_price": "9.99", "curr_price": "9.99"}}, {"model": "wishlist.game", "pk": 283, "fields": {"title": "Total War: WARHAMMER", "steam_id": 364360, "base_price": "59.99", "curr_price": "59.99"}}, {"model": "wishlist.game", "pk": 284, "fields": {"title": "Total War: WARHAMMER II", "steam_id": 594570, "base_price": "59.99", "curr_price": "59.99"}}, {"model": "wishlist.game", "pk": 285, "fields": {"title": "Warhammer 40000 Space Marine", "steam_id": 55150, "base_price": "29.99", "curr_price": "29.99"}}, {"model": "wishlist.game", "pk": 286, "fields": {"title": "Sanctum 2", "steam_id": 210770, "base_price": "14.99", "curr_price": "14.99"}}, {"model": "wishlist.game", "pk": 287, "fields": {"title": "Sanctum", "steam_id": 91600, "base_price": "9.99", "curr_price": "9.99"}}, {"model": "wishlist.game", "pk": 288, "fields": {"title": "Warhammer 40000 Dawn of War: Game of the Year Edition", "steam_id": 4570, "base_price": "12.99", "curr_price": "12.99"}}, {"model": "wishlist.game", "pk": 289, "fields": {"title": "The Wolf Among Us", "steam_id": 250320, "base_price": "14.99", "curr_price": "14.99"}}, {"model": "wishlist.game", "pk": 290, "fields": {"title": "Alien: Isolation", "steam_id": 214490, "base_price": "39.99", "curr_price": "39.99"}}, {"model": "wishlist.game", "pk": 291, "fields": {"title": "Max Payne 3", "steam_id": 204100, "base_price": "19.99", "curr_price": "19.99"}}, {"model": "wishlist.game", "pk": 292, "fields": {"title": "Serious Sam HD: The First Encounter", "steam_id": 41000, "base_price": "14.99", "curr_price": "14.99"}}, {"model": "wishlist.game", "pk": 293, "fields": {"title": "Grim Fandango Remastered", "steam_id": 316790, "base_price": "14.99", "curr_price": "14.99"}}, {"model": "wishlist.game", "pk": 294, "fields": {"title": "Serious Sam 3: BFE", "steam_id": 41070, "base_price": "39.99", "curr_price": "39.99"}}, {"model": "wishlist.game", "pk": 295, "fields": {"title": "Mafia II", "steam_id": 50130, "base_price": "29.99", "curr_price": "29.99"}}, {"model": "wishlist.game", "pk": 296, "fields": {"title": "Sleeping Dogs: Definitive Edition", "steam_id": 307690, "base_price": "19.99", "curr_price": "19.99"}}, {"model": "wishlist.game", "pk": 297, "fields": {"title": "Besiege", "steam_id": 346010, "base_price": "14.99", "curr_price": "14.99"}}, {"model": "wishlist.game", "pk": 298, "fields": {"title": "Dragon's Dogma: Dark Arisen", "steam_id": 367500, "base_price": "29.99", "curr_price": "29.99"}}, {"model": "wishlist.game", "pk": 299, "fields": {"title": "PAYDAY: The Heist", "steam_id": 24240, "base_price": "14.99", "curr_price": "14.99"}}, {"model": "wishlist.game", "pk": 300, "fields": {"title": "Torchlight", "steam_id": 41500, "base_price": "14.99", "curr_price": "14.99"}}, {"model": "wishlist.game", "pk": 301, "fields": {"title": "Prison Architect", "steam_id": 233450, "base_price": "29.99", "curr_price": "29.99"}}, {"model": "wishlist.game", "pk": 302, "fields": {"title": "L.A. Noire", "steam_id": 110800, "base_price": "19.99", "curr_price": "19.99"}}, {"model": "wishlist.game", "pk": 303, "fields": {"title": "Sins of a Solar Empire: Rebellion", "steam_id": 204880, "base_price": "39.99", "curr_price": "39.99"}}, {"model": "wishlist.game", "pk": 304, "fields": {"title": "Far Cry 3", "steam_id": 220240, "base_price": "19.99", "curr_price": "19.99"}}, {"model": "wishlist.game", "pk": 305, "fields": {"title": "Far Cry 3: Blood Dragon", "steam_id": 233270, "base_price": "14.99", "curr_price": "14.99"}}, {"model": "wishlist.game", "pk": 306, "fields": {"title": "Far Cry 4", "steam_id": 298110, "base_price": "29.99", "curr_price": "29.99"}}, {"model": "wishlist.game", "pk": 307, "fields": {"title": "Far Cry 5", "steam_id": 552520, "base_price": "59.99", "curr_price": "59.99"}}, {"model": "wishlist.game", "pk": 308, "fields": {"title": "7 Days to Die", "steam_id": 251570, "base_price": "24.99", "curr_price": "24.99"}}, {"model": "wishlist.game", "pk": 309, "fields": {"title": "Crash Bandicoot N. Sane Trilogy", "steam_id": 731490, "base_price": "39.99", "curr_price": "39.99"}}, {"model": "wishlist.game", "pk": 310, "fields": {"title": "INSIDE", "steam_id": 304430, "base_price": "19.99", "curr_price": "19.99"}}, {"model": "wishlist.game", "pk": 311, "fields": {"title": "Antichamber", "steam_id": 219890, "base_price": "19.99", "curr_price": "19.99"}}, {"model": "wishlist.game", "pk": 312, "fields": {"title": "The Long Dark", "steam_id": 305620, "base_price": "29.99", "curr_price": "29.99"}}, {"model": "wishlist.game", "pk": 313, "fields": {"title": "Saints Row 2", "steam_id": 9480, "base_price": "9.99", "curr_price": "9.99"}}, {"model": "wishlist.game", "pk": 314, "fields": {"title": "Saints Row: The Third", "steam_id": 55230, "base_price": "9.99", "curr_price": "9.99"}}, {"model": "wishlist.game", "pk": 315, "fields": {"title": "Saints Row IV", "steam_id": 206420, "base_price": "14.99", "curr_price": "14.99"}}, {"model": "wishlist.game", "pk": 316, "fields": {"title": "Trine Enchanted Edition", "steam_id": 35700, "base_price": "14.99", "curr_price": "14.99"}}, {"model": "wishlist.game", "pk": 317, "fields": {"title": "Trine 2: Complete Story", "steam_id": 35720, "base_price": "19.99", "curr_price": "19.99"}}, {"model": "wishlist.game", "pk": 318, "fields": {"title": "The Walking Dead", "steam_id": 207610, "base_price": "14.99", "curr_price": "14.99"}}, {"model": "wishlist.game", "pk": 319, "fields": {"title": "Tropico 4", "steam_id": 57690, "base_price": "14.99", "curr_price": "14.99"}}, {"model": "wishlist.game", "pk": 320, "fields": {"title": "INSURGENCY", "steam_id": 222880, "base_price": "14.99", "curr_price": "14.99"}}, {"model": "wishlist.game", "pk": 321, "fields": {"title": "This War of Mine", "steam_id": 282070, "base_price": "19.99", "curr_price": "19.99"}}, {"model": "wishlist.game", "pk": 322, "fields": {"title": "The Swapper", "steam_id": 231160, "base_price": "14.99", "curr_price": "14.99"}}, {"model": "wishlist.game", "pk": 323, "fields": {"title": "Gunpoint", "steam_id": 206190, "base_price": "9.99", "curr_price": "9.99"}}, {"model": "wishlist.game", "pk": 324, "fields": {"title": "Jet Set Radio", "steam_id": 205950, "base_price": "7.99", "curr_price": "7.99"}}, {"model": "wishlist.game", "pk": 325, "fields": {"title": "Legend of Grimrock", "steam_id": 207170, "base_price": "14.99", "curr_price": "14.99"}}, {"model": "wishlist.game", "pk": 326, "fields": {"title": "Banished", "steam_id": 242920, "base_price": "19.99", "curr_price": "19.99"}}, {"model": "wishlist.game", "pk": 327, "fields": {"title": "Space Engineers", "steam_id": 244850, "base_price": "19.99", "curr_price": "19.99"}}, {"model": "wishlist.game", "pk": 328, "fields": {"title": "The Banner Saga", "steam_id": 237990, "base_price": "24.99", "curr_price": "24.99"}}, {"model": "wishlist.game", "pk": 329, "fields": {"title": "Race the Sun", "steam_id": 253030, "base_price": "9.99", "curr_price": "9.99"}}, {"model": "wishlist.game", "pk": 330, "fields": {"title": "Wolfenstein: The New Order", "steam_id": 201810, "base_price": "19.99", "curr_price": "19.99"}}, {"model": "wishlist.game", "pk": 331, "fields": {"title": "Wolfenstein: The Old Blood", "steam_id": 350080, "base_price": "19.99", "curr_price": "19.99"}}, {"model": "wishlist.game", "pk": 332, "fields": {"title": "Wolfenstein II: The New Colossus", "steam_id": 612880, "base_price": "39.99", "curr_price": "39.99"}}, {"model": "wishlist.game", "pk": 333, "fields": {"title": "Dishonored", "steam_id": 205100, "base_price": "9.99", "curr_price": "9.99"}}, {"model": "wishlist.game", "pk": 334, "fields": {"title": "Killing Floor", "steam_id": 1250, "base_price": "19.99", "curr_price": "19.99"}}, {"model": "wishlist.game", "pk": 335, "fields": {"title": "Deep Rock Galactic", "steam_id": 548430, "base_price": "29.99", "curr_price": "29.99"}}, {"model": "wishlist.game", "pk": 336, "fields": {"title": "Ravenfield", "steam_id": 636480, "base_price": "14.99", "curr_price": "14.99"}}, {"model": "wishlist.game", "pk": 337, "fields": {"title": "Supreme Commander 2", "steam_id": 40100, "base_price": "12.99", "curr_price": "12.99"}}, {"model": "wishlist.game", "pk": 338, "fields": {"title": "Supreme Commander: Forged Alliance", "steam_id": 9420, "base_price": "12.99", "curr_price": "12.99"}}, {"model": "wishlist.game", "pk": 339, "fields": {"title": "Mini Metro", "steam_id": 287980, "base_price": "9.99", "curr_price": "9.99"}}, {"model": "wishlist.game", "pk": 340, "fields": {"title": "Stronghold Crusader HD", "steam_id": 40970, "base_price": "9.99", "curr_price": "9.99"}}, {"model": "wishlist.game", "pk": 341, "fields": {"title": "Kingdom Rush", "steam_id": 246420, "base_price": "9.99", "curr_price": "9.99"}}, {"model": "wishlist.game", "pk": 342, "fields": {"title": "Kingdom: Classic", "steam_id": 368230, "base_price": "4.99", "curr_price": "4.99"}}, {"model": "wishlist.game", "pk": 343, "fields": {"title": "Kingdom: New Lands", "steam_id": 496300, "base_price": "14.99", "curr_price": "14.99"}}, {"model": "wishlist.game", "pk": 344, "fields": {"title": "Kingdom: Two Crowns", "steam_id": 701160, "base_price": "19.99", "curr_price": "19.99"}}, {"model": "wishlist.game", "pk": 345, "fields": {"title": "Plague Inc Evolved", "steam_id": 246620, "base_price": "14.99", "curr_price": "14.99"}}, {"model": "wishlist.game", "pk": 346, "fields": {"title": "Dungeons 2", "steam_id": 262280, "base_price": "19.99", "curr_price": "19.99"}}, {"model": "wishlist.game", "pk": 347, "fields": {"title": "Dungeons 3", "steam_id": 493900, "base_price": "39.99", "curr_price": "39.99"}}, {"model": "wishlist.game", "pk": 348, "fields": {"title": "Warhammer 40000 Dawn of War - Soulstorm", "steam_id": 9450, "base_price": "12.99", "curr_price": "12.99"}}, {"model": "wishlist.game", "pk": 349, "fields": {"title": "Oxenfree", "steam_id": 388880, "base_price": "9.99", "curr_price": "9.99"}}, {"model": "wishlist.game", "pk": 350, "fields": {"title": "Sunless Sea", "steam_id": 304650, "base_price": "18.99", "curr_price": "18.99"}}, {"model": "wishlist.game", "pk": 351, "fields": {"title": "DmC Devil May Cry", "steam_id": 220440, "base_price": "29.99", "curr_price": "29.99"}}, {"model": "wishlist.game", "pk": 352, "fields": {"title": "System Shock 2", "steam_id": 238210, "base_price": "9.99", "curr_price": "9.99"}}, {"model": "wishlist.game", "pk": 353, "fields": {"title": "World of Goo", "steam_id": 22000, "base_price": "14.99", "curr_price": "14.99"}}, {"model": "wishlist.game", "pk": 354, "fields": {"title": "No Man's Sky", "steam_id": 275850, "base_price": "59.99", "curr_price": "59.99"}}, {"model": "wishlist.game", "pk": 355, "fields": {"title": "Titan Quest: Anniversary Edition", "steam_id": 475150, "base_price": "19.99", "curr_price": "19.99"}}, {"model": "wishlist.game", "pk": 356, "fields": {"title": "Braid", "steam_id": 26800, "base_price": "14.99", "curr_price": "14.99"}}, {"model": "wishlist.game", "pk": 357, "fields": {"title": "The Witness", "steam_id": 210970, "base_price": "39.99", "curr_price": "39.99"}}, {"model": "wishlist.game", "pk": 358, "fields": {"title": "Crysis 2: Maximum Edition", "steam_id": 108800, "base_price": "29.99", "curr_price": "29.99"}}, {"model": "wishlist.game", "pk": 359, "fields": {"title": "Viscera Cleanup Detail", "steam_id": 246900, "base_price": "12.99", "curr_price": "12.99"}}, {"model": "wishlist.game", "pk": 360, "fields": {"title": "Viscera Cleanup Detail: Shadow Warrior", "steam_id": 255520, "base_price": "39.99", "curr_price": "39.99"}}, {"model": "wishlist.game", "pk": 361, "fields": {"title": "Layers of Fear", "steam_id": 391720, "base_price": "19.99", "curr_price": "19.99"}}, {"model": "wishlist.game", "pk": 362, "fields": {"title": "Red Faction Re-Mars-tered", "steam_id": 667720, "base_price": "19.99", "curr_price": "19.99"}}, {"model": "wishlist.game", "pk": 363, "fields": {"title": "Red Faction: Guerrilla Steam Edition", "steam_id": 20500, "base_price": "19.99", "curr_price": "19.99"}}, {"model": "wishlist.game", "pk": 364, "fields": {"title": "Red Faction: Armageddon", "steam_id": 55110, "base_price": "19.99", "curr_price": "19.99"}}, {"model": "wishlist.game", "pk": 365, "fields": {"title": "Anomaly Warzone Earth", "steam_id": 91200, "base_price": "9.99", "curr_price": "9.99"}}, {"model": "wishlist.game", "pk": 366, "fields": {"title": "Total War: SHOGUN 2", "steam_id": 34330, "base_price": "29.99", "curr_price": "29.99"}}, {"model": "wishlist.game", "pk": 367, "fields": {"title": "Total War: MEDIEVAL II - Definitive Edition", "steam_id": 4700, "base_price": "24.99", "curr_price": "24.99"}}, {"model": "wishlist.game", "pk": 368, "fields": {"title": "Warhammer 40000: Dawn of War II", "steam_id": 15620, "base_price": "19.99", "curr_price": "19.99"}}, {"model": "wishlist.game", "pk": 369, "fields": {"title": "Momodora: Reverie Under the Moonlight", "steam_id": 428550, "base_price": "9.99", "curr_price": "9.99"}}, {"model": "wishlist.game", "pk": 370, "fields": {"title": "Risen 2: Dark Waters", "steam_id": 40390, "base_price": "9.99", "curr_price": "9.99"}}, {"model": "wishlist.game", "pk": 371, "fields": {"title": "Her Story", "steam_id": 368370, "base_price": "9.99", "curr_price": "9.99"}}, {"model": "wishlist.game", "pk": 372, "fields": {"title": "Armello", "steam_id": 290340, "base_price": "19.99", "curr_price": "19.99"}}, {"model": "wishlist.game", "pk": 373, "fields": {"title": "Kentucky Route Zero", "steam_id": 231200, "base_price": "24.99", "curr_price": "24.99"}}, {"model": "wishlist.game", "pk": 374, "fields": {"title": "Risk of Rain", "steam_id": 248820, "base_price": "9.99", "curr_price": "9.99"}}, {"model": "wishlist.game", "pk": 375, "fields": {"title": "Burnout Paradise: The Ultimate Box", "steam_id": 24740, "base_price": "19.99", "curr_price": "19.99"}}, {"model": "wishlist.game", "pk": 376, "fields": {"title": "The Darkness II", "steam_id": 67370, "base_price": "29.99", "curr_price": "29.99"}}, {"model": "wishlist.game", "pk": 377, "fields": {"title": "Company of Heroes 2", "steam_id": 231430, "base_price": "19.99", "curr_price": "19.99"}}, {"model": "wishlist.game", "pk": 378, "fields": {"title": "Company of Heroes: Tales of Valor", "steam_id": 20540, "base_price": "19.99", "curr_price": "19.99"}}, {"model": "wishlist.game", "pk": 379, "fields": {"title": "Dungeon Defenders", "steam_id": 65800, "base_price": "14.99", "curr_price": "14.99"}}, {"model": "wishlist.game", "pk": 380, "fields": {"title": "The Walking Dead: Season Two", "steam_id": 261030, "base_price": "14.99", "curr_price": "14.99"}}, {"model": "wishlist.game", "pk": 381, "fields": {"title": "THIEF", "steam_id": 239160, "base_price": "19.99", "curr_price": "19.99"}}, {"model": "wishlist.game", "pk": 382, "fields": {"title": "Thief Gold", "steam_id": 211600, "base_price": "6.99", "curr_price": "6.99"}}, {"model": "wishlist.game", "pk": 383, "fields": {"title": "Monaco: What's Yours Is Mine", "steam_id": 113020, "base_price": "14.99", "curr_price": "14.99"}}, {"model": "wishlist.game", "pk": 384, "fields": {"title": "Brutal Legend", "steam_id": 225260, "base_price": "14.99", "curr_price": "14.99"}}, {"model": "wishlist.game", "pk": 385, "fields": {"title": "Dear Esther", "steam_id": 203810, "base_price": "9.99", "curr_price": "9.99"}}, {"model": "wishlist.game", "pk": 386, "fields": {"title": "Dear Esther: Landmark Edition", "steam_id": 520720, "base_price": "9.99", "curr_price": "9.99"}}, {"model": "wishlist.game", "pk": 387, "fields": {"title": "Oddworld: Abe's Odyssee", "steam_id": 15700, "base_price": "2.99", "curr_price": "2.99"}}, {"model": "wishlist.game", "pk": 388, "fields": {"title": "Oddworld: New 'n' Tasty", "steam_id": 314660, "base_price": "19.99", "curr_price": "19.99"}}, {"model": "wishlist.game", "pk": 389, "fields": {"title": "Slime-san: Superslime Edition", "steam_id": 473530, "base_price": "14.99", "curr_price": "14.99"}}, {"model": "wishlist.game", "pk": 390, "fields": {"title": "Tooth and Tail", "steam_id": 286000, "base_price": "19.99", "curr_price": "19.99"}}, {"model": "wishlist.game", "pk": 391, "fields": {"title": "Trine 3: The Artifacts of Power", "steam_id": 319910, "base_price": "21.99", "curr_price": "21.99"}}, {"model": "wishlist.game", "pk": 392, "fields": {"title": "Spyro Reignited Trilogy", "steam_id": 996580, "base_price": "39.99", "curr_price": "39.99"}}, {"model": "wishlist.game", "pk": 393, "fields": {"title": "A Story About My Uncle", "steam_id": 278360, "base_price": "14.99", "curr_price": "14.99"}}, {"model": "wishlist.game", "pk": 394, "fields": {"title": "Scribblenauts Unlimited", "steam_id": 218680, "base_price": "19.99", "curr_price": "19.99"}}, {"model": "wishlist.game", "pk": 395, "fields": {"title": "Cave Story +", "steam_id": 200900, "base_price": "14.99", "curr_price": "14.99"}}, {"model": "wishlist.game", "pk": 396, "fields": {"title": "Surgeon Simulator", "steam_id": 233720, "base_price": "9.99", "curr_price": "9.99"}}, {"model": "wishlist.game", "pk": 397, "fields": {"title": "Strider", "steam_id": 235210, "base_price": "14.99", "curr_price": "14.99"}}, {"model": "wishlist.game", "pk": 398, "fields": {"title": "Dragon Age: Origins - Ultimate Edition", "steam_id": 47810, "base_price": "29.99", "curr_price": "29.99"}}, {"model": "wishlist.game", "pk": 399, "fields": {"title": "Tropico 5", "steam_id": 245620, "base_price": "19.99", "curr_price": "19.99"}}, {"model": "wishlist.game", "pk": 400, "fields": {"title": "Tropico 6", "steam_id": 492720, "base_price": "49.99", "curr_price": "49.99"}}, {"model": "wishlist.game", "pk": 401, "fields": {"title": "Titan Souls", "steam_id": 297130, "base_price": "14.99", "curr_price": "14.99"}}, {"model": "wishlist.game", "pk": 402, "fields": {"title": "The Sexy Brutale", "steam_id": 552590, "base_price": "19.99", "curr_price": "19.99"}}, {"model": "wishlist.game", "pk": 403, "fields": {"title": "Tacoma", "steam_id": 343860, "base_price": "19.99", "curr_price": "19.99"}}, {"model": "wishlist.game", "pk": 404, "fields": {"title": "Deponia", "steam_id": 214340, "base_price": "9.99", "curr_price": "9.99"}}, {"model": "wishlist.game", "pk": 405, "fields": {"title": "Chaos on Deponia", "steam_id": 220740, "base_price": "19.99", "curr_price": "19.99"}}, {"model": "wishlist.game", "pk": 406, "fields": {"title": "Deponia: The Complete Journey", "steam_id": 292910, "base_price": "29.99", "curr_price": "29.99"}}, {"model": "wishlist.game", "pk": 407, "fields": {"title": "Deponia Doomsday", "steam_id": 421050, "base_price": "19.99", "curr_price": "19.99"}}, {"model": "wishlist.game", "pk": 408, "fields": {"title": "Goodbye Deponia", "steam_id": 241910, "base_price": "19.99", "curr_price": "19.99"}}, {"model": "wishlist.game", "pk": 409, "fields": {"title": "Dustforce DX", "steam_id": 65300, "base_price": "9.99", "curr_price": "9.99"}}, {"model": "wishlist.game", "pk": 410, "fields": {"title": "Game Dev Tycoon", "steam_id": 239820, "base_price": "9.99", "curr_price": "9.99"}}, {"model": "wishlist.game", "pk": 411, "fields": {"title": "Jurassic World Evolution", "steam_id": 648350, "base_price": "44.99", "curr_price": "44.99"}}, {"model": "wishlist.game", "pk": 412, "fields": {"title": "Little Inferno", "steam_id": 221260, "base_price": "14.99", "curr_price": "14.99"}}, {"model": "wishlist.game", "pk": 413, "fields": {"title": "Rebel Galaxy", "steam_id": 290300, "base_price": "19.99", "curr_price": "19.99"}}, {"model": "wishlist.game", "pk": 414, "fields": {"title": "Starpoint Gemini 2", "steam_id": 236150, "base_price": "34.99", "curr_price": "34.99"}}, {"model": "wishlist.game", "pk": 415, "fields": {"title": "Shank 2", "steam_id": 102840, "base_price": "9.99", "curr_price": "9.99"}}, {"model": "wishlist.game", "pk": 416, "fields": {"title": "Shank", "steam_id": 6120, "base_price": "9.99", "curr_price": "9.99"}}, {"model": "wishlist.game", "pk": 417, "fields": {"title": "Cook, Serve, Delicious! 2!!", "steam_id": 386620, "base_price": "12.99", "curr_price": "12.99"}}, {"model": "wishlist.game", "pk": 418, "fields": {"title": "Cook, Serve, Delicious!", "steam_id": 247020, "base_price": "9.99", "curr_price": "9.99"}}, {"model": "wishlist.game", "pk": 419, "fields": {"title": "Day of the Tentacle Remastered", "steam_id": 388210, "base_price": "14.99", "curr_price": "14.99"}}, {"model": "wishlist.game", "pk": 420, "fields": {"title": "Devil Daggers", "steam_id": 422970, "base_price": "4.99", "curr_price": "4.99"}}, {"model": "wishlist.game", "pk": 421, "fields": {"title": "Tales of Zestiria", "steam_id": 351970, "base_price": "49.99", "curr_price": "49.99"}}, {"model": "wishlist.game", "pk": 422, "fields": {"title": "Tales of Berseria", "steam_id": 429660, "base_price": "49.99", "curr_price": "49.99"}}, {"model": "wishlist.game", "pk": 423, "fields": {"title": "Halo: The Master Chief Collection", "steam_id": 976730, "base_price": "39.99", "curr_price": "39.99"}}, {"model": "wishlist.game", "pk": 424, "fields": {"title": "DOOM Eternal", "steam_id": 782330, "base_price": "59.99", "curr_price": "59.99"}}, {"model": "wishlist.game", "pk": 425, "fields": {"title": "Payday 2", "steam_id": 218620, "base_price": "9.99", "curr_price": "9.99"}}, {"model": "wishlist.game", "pk": 426, "fields": {"title": "Hammerwatch", "steam_id": 239070, "base_price": "9.99", "curr_price": "9.99"}}, {"model": "wishlist.game", "pk": 427, "fields": {"title": "Arma 2: Operation Arrowhead", "steam_id": 33930, "base_price": "19.99", "curr_price": "19.99"}}, {"model": "wishlist.game", "pk": 428, "fields": {"title": "Ashes of the Singularity: Escalation", "steam_id": 507490, "base_price": "29.99", "curr_price": "29.99"}}, {"model": "wishlist.game", "pk": 429, "fields": {"title": "The Vanishing of Ethan Carter", "steam_id": 258520, "base_price": "19.99", "curr_price": "19.99"}}, {"model": "wishlist.game", "pk": 430, "fields": {"title": "Hard Reset Extended Edition", "steam_id": 98400, "base_price": "14.99", "curr_price": "14.99"}}, {"model": "wishlist.game", "pk": 431, "fields": {"title": "Planetary Annihilation: TITANS", "steam_id": 386070, "base_price": "39.99", "curr_price": "39.99"}}, {"model": "wishlist.game", "pk": 432, "fields": {"title": "BIT.TRIP RUNNER", "steam_id": 63710, "base_price": "9.99", "curr_price": "9.99"}}, {"model": "wishlist.game", "pk": 433, "fields": {"title": "GoNNER", "steam_id": 437570, "base_price": "9.99", "curr_price": "9.99"}}, {"model": "wishlist.game", "pk": 434, "fields": {"title": "Niche - a genetics survival game", "steam_id": 440650, "base_price": "17.99", "curr_price": "17.99"}}, {"model": "wishlist.game", "pk": 435, "fields": {"title": "Forager", "steam_id": 751780, "base_price": "19.99", "curr_price": "19.99"}}, {"model": "wishlist.game", "pk": 436, "fields": {"title": "Heat Signature", "steam_id": 268130, "base_price": "14.99", "curr_price": "14.99"}}, {"model": "wishlist.game", "pk": 437, "fields": {"title": "A Plague Tale: Innocence", "steam_id": 752590, "base_price": "44.99", "curr_price": "44.99"}}, {"model": "wishlist.game", "pk": 438, "fields": {"title": "Prey", "steam_id": 480490, "base_price": "29.99", "curr_price": "29.99"}}, {"model": "wishlist.game", "pk": 439, "fields": {"title": "Divinity: Original Sin Enhanced Edition", "steam_id": 373420, "base_price": "39.99", "curr_price": "39.99"}}, {"model": "wishlist.game", "pk": 440, "fields": {"title": "Orcs Must Die!", "steam_id": 102600, "base_price": "9.99", "curr_price": "9.99"}}, {"model": "wishlist.game", "pk": 441, "fields": {"title": "Orcs Must Die! 2", "steam_id": 201790, "base_price": "14.99", "curr_price": "14.99"}}, {"model": "wishlist.game", "pk": 442, "fields": {"title": "Tropico 3", "steam_id": 23490, "base_price": "9.99", "curr_price": "9.99"}}, {"model": "wishlist.game", "pk": 443, "fields": {"title": "Endless Space Collection", "steam_id": 208140, "base_price": "9.99", "curr_price": "9.99"}}, {"model": "wishlist.game", "pk": 444, "fields": {"title": "Endless Legend - Emperor's Edition", "steam_id": 289130, "base_price": "29.99", "curr_price": "29.99"}}, {"model": "wishlist.game", "pk": 445, "fields": {"title": "Broken Age", "steam_id": 232790, "base_price": "14.99", "curr_price": "14.99"}}, {"model": "wishlist.game", "pk": 446, "fields": {"title": "Star Wars: Knights of the Old Republic", "steam_id": 32370, "base_price": "9.99", "curr_price": "9.99"}}, {"model": "wishlist.game", "pk": 447, "fields": {"title": "Star Wars Jedi Knight: Jedi Academy", "steam_id": 6020, "base_price": "9.99", "curr_price": "9.99"}}, {"model": "wishlist.game", "pk": 448, "fields": {"title": "Star Wars: Battlefront 2 (Classic 2005)", "steam_id": 6060, "base_price": "9.99", "curr_price": "9.99"}}, {"model": "wishlist.game", "pk": 449, "fields": {"title": "Star Wars Jedi Knight II: Jedi Outcast", "steam_id": 6030, "base_price": "9.99", "curr_price": "9.99"}}, {"model": "wishlist.game", "pk": 450, "fields": {"title": "Star Wars Empire at War: Gold Pack", "steam_id": 32470, "base_price": "19.99", "curr_price": "19.99"}}, {"model": "wishlist.game", "pk": 451, "fields": {"title": "Star Wars: The Force Unleashed Ultimate Sith Edition", "steam_id": 32430, "base_price": "19.99", "curr_price": "19.99"}}, {"model": "wishlist.game", "pk": 452, "fields": {"title": "Star Wars Republic Commando", "steam_id": 6000, "base_price": "9.99", "curr_price": "9.99"}}, {"model": "wishlist.game", "pk": 453, "fields": {"title": "Star Wars: The Force Unleashed II", "steam_id": 32500, "base_price": "19.99", "curr_price": "19.99"}}, {"model": "wishlist.game", "pk": 454, "fields": {"title": "Star Wars Jedi: Fallen Order", "steam_id": 1172380, "base_price": "59.99", "curr_price": "59.99"}}, {"model": "wishlist.game", "pk": 455, "fields": {"title": "Star Wars: Knights of the Old Republic II: The Sith Lords", "steam_id": 208580, "base_price": "9.99", "curr_price": "9.99"}}, {"model": "wishlist.game", "pk": 456, "fields": {"title": "The Elder Scrolls III: Morrowind Game of the Year Edition", "steam_id": 22320, "base_price": "14.99", "curr_price": "14.99"}}, {"model": "wishlist.game", "pk": 457, "fields": {"title": "Baldur's Gate: Enhanced Edition", "steam_id": 228280, "base_price": "19.99", "curr_price": "19.99"}}, {"model": "wishlist.game", "pk": 458, "fields": {"title": "Baldur's Gate II: Enhanced Edition", "steam_id": 257350, "base_price": "19.99", "curr_price": "19.99"}}, {"model": "wishlist.game", "pk": 459, "fields": {"title": "They Bleed Pixels", "steam_id": 211260, "base_price": "9.99", "curr_price": "9.99"}}, {"model": "wishlist.game", "pk": 460, "fields": {"title": "Pillars of Eternity: Hero Edition", "steam_id": 291650, "base_price": "29.99", "curr_price": "29.99"}}, {"model": "wishlist.game", "pk": 461, "fields": {"title": "Iconoclasts", "steam_id": 393520, "base_price": "19.99", "curr_price": "19.99"}}, {"model": "wishlist.game", "pk": 462, "fields": {"title": "Nova Drift", "steam_id": 858210, "base_price": "14.99", "curr_price": "14.99"}}, {"model": "auth.permission", "pk": 1, "fields": {"name": "Can add log entry", "content_type": 1, "codename": "add_logentry"}}, {"model": "auth.permission", "pk": 2, "fields": {"name": "Can change log entry", "content_type": 1, "codename": "change_logentry"}}, {"model": "auth.permission", "pk": 3, "fields": {"name": "Can delete log entry", "content_type": 1, "codename": "delete_logentry"}}, {"model": "auth.permission", "pk": 4, "fields": {"name": "Can view log entry", "content_type": 1, "codename": "view_logentry"}}, {"model": "auth.permission", "pk": 5, "fields": {"name": "Can add permission", "content_type": 2, "codename": "add_permission"}}, {"model": "auth.permission", "pk": 6, "fields": {"name": "Can change permission", "content_type": 2, "codename": "change_permission"}}, {"model": "auth.permission", "pk": 7, "fields": {"name": "Can delete permission", "content_type": 2, "codename": "delete_permission"}}, {"model": "auth.permission", "pk": 8, "fields": {"name": "Can view permission", "content_type": 2, "codename": "view_permission"}}, {"model": "auth.permission", "pk": 9, "fields": {"name": "Can add group", "content_type": 3, "codename": "add_group"}}, {"model": "auth.permission", "pk": 10, "fields": {"name": "Can change group", "content_type": 3, "codename": "change_group"}}, {"model": "auth.permission", "pk": 11, "fields": {"name": "Can delete group", "content_type": 3, "codename": "delete_group"}}, {"model": "auth.permission", "pk": 12, "fields": {"name": "Can view group", "content_type": 3, "codename": "view_group"}}, {"model": "auth.permission", "pk": 13, "fields": {"name": "Can add content type", "content_type": 4, "codename": "add_contenttype"}}, {"model": "auth.permission", "pk": 14, "fields": {"name": "Can change content type", "content_type": 4, "codename": "change_contenttype"}}, {"model": "auth.permission", "pk": 15, "fields": {"name": "Can delete content type", "content_type": 4, "codename": "delete_contenttype"}}, {"model": "auth.permission", "pk": 16, "fields": {"name": "Can view content type", "content_type": 4, "codename": "view_contenttype"}}, {"model": "auth.permission", "pk": 17, "fields": {"name": "Can add session", "content_type": 5, "codename": "add_session"}}, {"model": "auth.permission", "pk": 18, "fields": {"name": "Can change session", "content_type": 5, "codename": "change_session"}}, {"model": "auth.permission", "pk": 19, "fields": {"name": "Can delete session", "content_type": 5, "codename": "delete_session"}}, {"model": "auth.permission", "pk": 20, "fields": {"name": "Can view session", "content_type": 5, "codename": "view_session"}}, {"model": "auth.permission", "pk": 21, "fields": {"name": "Can add user", "content_type": 6, "codename": "add_user"}}, {"model": "auth.permission", "pk": 22, "fields": {"name": "Can change user", "content_type": 6, "codename": "change_user"}}, {"model": "auth.permission", "pk": 23, "fields": {"name": "Can delete user", "content_type": 6, "codename": "delete_user"}}, {"model": "auth.permission", "pk": 24, "fields": {"name": "Can view user", "content_type": 6, "codename": "view_user"}}, {"model": "auth.permission", "pk": 25, "fields": {"name": "Can add game", "content_type": 7, "codename": "add_game"}}, {"model": "auth.permission", "pk": 26, "fields": {"name": "Can change game", "content_type": 7, "codename": "change_game"}}, {"model": "auth.permission", "pk": 27, "fields": {"name": "Can delete game", "content_type": 7, "codename": "delete_game"}}, {"model": "auth.permission", "pk": 28, "fields": {"name": "Can view game", "content_type": 7, "codename": "view_game"}}, {"model": "auth.permission", "pk": 29, "fields": {"name": "Can add wish list item", "content_type": 8, "codename": "add_wishlistitem"}}, {"model": "auth.permission", "pk": 30, "fields": {"name": "Can change wish list item", "content_type": 8, "codename": "change_wishlistitem"}}, {"model": "auth.permission", "pk": 31, "fields": {"name": "Can delete wish list item", "content_type": 8, "codename": "delete_wishlistitem"}}, {"model": "auth.permission", "pk": 32, "fields": {"name": "Can view wish list item", "content_type": 8, "codename": "view_wishlistitem"}}, {"model": "auth.permission", "pk": 33, "fields": {"name": "Can add site", "content_type": 9, "codename": "add_site"}}, {"model": "auth.permission", "pk": 34, "fields": {"name": "Can change site", "content_type": 9, "codename": "change_site"}}, {"model": "auth.permission", "pk": 35, "fields": {"name": "Can delete site", "content_type": 9, "codename": "delete_site"}}, {"model": "auth.permission", "pk": 36, "fields": {"name": "Can view site", "content_type": 9, "codename": "view_site"}}, {"model": "auth.permission", "pk": 37, "fields": {"name": "Can add Token", "content_type": 10, "codename": "add_token"}}, {"model": "auth.permission", "pk": 38, "fields": {"name": "Can change Token", "content_type": 10, "codename": "change_token"}}, {"model": "auth.permission", "pk": 39, "fields": {"name": "Can delete Token", "content_type": 10, "codename": "delete_token"}}, {"model": "auth.permission", "pk": 40, "fields": {"name": "Can view Token", "content_type": 10, "codename": "view_token"}}, {"model": "auth.permission", "pk": 41, "fields": {"name": "Can add email address", "content_type": 11, "codename": "add_emailaddress"}}, {"model": "auth.permission", "pk": 42, "fields": {"name": "Can change email address", "content_type": 11, "codename": "change_emailaddress"}}, {"model": "auth.permission", "pk": 43, "fields": {"name": "Can delete email address", "content_type": 11, "codename": "delete_emailaddress"}}, {"model": "auth.permission", "pk": 44, "fields": {"name": "Can view email address", "content_type": 11, "codename": "view_emailaddress"}}, {"model": "auth.permission", "pk": 45, "fields": {"name": "Can add email confirmation", "content_type": 12, "codename": "add_emailconfirmation"}}, {"model": "auth.permission", "pk": 46, "fields": {"name": "Can change email confirmation", "content_type": 12, "codename": "change_emailconfirmation"}}, {"model": "auth.permission", "pk": 47, "fields": {"name": "Can delete email confirmation", "content_type": 12, "codename": "delete_emailconfirmation"}}, {"model": "auth.permission", "pk": 48, "fields": {"name": "Can view email confirmation", "content_type": 12, "codename": "view_emailconfirmation"}}, {"model": "auth.permission", "pk": 49, "fields": {"name": "Can add social application", "content_type": 13, "codename": "add_socialapp"}}, {"model": "auth.permission", "pk": 50, "fields": {"name": "Can change social application", "content_type": 13, "codename": "change_socialapp"}}, {"model": "auth.permission", "pk": 51, "fields": {"name": "Can delete social application", "content_type": 13, "codename": "delete_socialapp"}}, {"model": "auth.permission", "pk": 52, "fields": {"name": "Can view social application", "content_type": 13, "codename": "view_socialapp"}}, {"model": "auth.permission", "pk": 53, "fields": {"name": "Can add social account", "content_type": 14, "codename": "add_socialaccount"}}, {"model": "auth.permission", "pk": 54, "fields": {"name": "Can change social account", "content_type": 14, "codename": "change_socialaccount"}}, {"model": "auth.permission", "pk": 55, "fields": {"name": "Can delete social account", "content_type": 14, "codename": "delete_socialaccount"}}, {"model": "auth.permission", "pk": 56, "fields": {"name": "Can view social account", "content_type": 14, "codename": "view_socialaccount"}}, {"model": "auth.permission", "pk": 57, "fields": {"name": "Can add social application token", "content_type": 15, "codename": "add_socialtoken"}}, {"model": "auth.permission", "pk": 58, "fields": {"name": "Can change social application token", "content_type": 15, "codename": "change_socialtoken"}}, {"model": "auth.permission", "pk": 59, "fields": {"name": "Can delete social application token", "content_type": 15, "codename": "delete_socialtoken"}}, {"model": "auth.permission", "pk": 60, "fields": {"name": "Can view social application token", "content_type": 15, "codename": "view_socialtoken"}}, {"model": "wishlist.user", "pk": 1, "fields": {"password": "pbkdf2_sha256$180000$AS0pSQ6BT6uo$K27c+MqLaGFx4+f4CuJ20lpre55P8fkGin3YBxxxht8=", "last_login": "2020-04-08T17:12:15.132Z", "is_superuser": true, "username": "admin", "first_name": "", "last_name": "", "email": "admin@example.com", "is_staff": true, "is_active": true, "date_joined": "2020-04-08T17:10:40.969Z", "groups": [], "user_permissions": []}}, {"model": "wishlist.user", "pk": 2, "fields": {"password": "pbkdf2_sha256$180000$FZ9VbI6cmTWa$HOOu9NXOG0TgcH9VKofOTqm+uuup0oQG4WbEe7pX/XI=", "last_login": null, "is_superuser": false, "username": "lnghcyberwulf", "first_name": "", "last_name": "", "email": "lnghcyberwulf@gmail.com", "is_staff": false, "is_active": true, "date_joined": "2020-04-08T17:15:06.241Z", "groups": [], "user_permissions": []}}, {"model": "wishlist.user", "pk": 3, "fields": {"password": "pbkdf2_sha256$180000$rG8zl24ZYSh9$kP2bv7FCyIsOD60W5vFYxmNsy0oMkgngqSABxi/+cpg=", "last_login": null, "is_superuser": false, "username": "UrUser", "first_name": "", "last_name": "", "email": "uruser@gmail.com", "is_staff": false, "is_active": true, "date_joined": "2020-04-29T15:50:03.169Z", "groups": [], "user_permissions": []}}, {"model": "wishlist.user", "pk": 4, "fields": {"password": "pbkdf2_sha256$180000$v7pxQLEYlDYf$CnzhkuaXmCWqmu4oz9CmiKLEd6kVd9kdOi8QVf9ev2A=", "last_login": null, "is_superuser": false, "username": "OriginalUser", "first_name": "", "last_name": "", "email": "originaluser@gmail.com", "is_staff": false, "is_active": true, "date_joined": "2020-04-29T16:15:24.970Z", "groups": [], "user_permissions": []}}, {"model": "wishlist.user", "pk": 5, "fields": {"password": "pbkdf2_sha256$180000$PfeODuIzGG3u$lGE6hqVgjhNW8ECzMcM/KvNKhOfCRiXiHEmsGm4UrO4=", "last_login": "2020-04-29T16:37:24.909Z", "is_superuser": false, "username": "ThePrimordialUser", "first_name": "", "last_name": "", "email": "primordialuser@gmail.com", "is_staff": false, "is_active": true, "date_joined": "2020-04-29T16:37:24.509Z", "groups": [], "user_permissions": []}}, {"model": "wishlist.user", "pk": 6, "fields": {"password": "pbkdf2_sha256$180000$KYdNI0szFz7r$xWt9tzbf1BfZvsfUQ83Ig8PQR3i1uxm2E7bXgXNqHac=", "last_login": "2020-05-29T16:16:16.454Z", "is_superuser": false, "username": "PleaseWork", "first_name": "", "last_name": "", "email": "pleasework@gmail.com", "is_staff": false, "is_active": true, "date_joined": "2020-04-29T17:06:45.050Z", "groups": [], "user_permissions": []}}, {"model": "wishlist.user", "pk": 7, "fields": {"password": "pbkdf2_sha256$180000$N6AdUIRlK0nt$tKTF8Uc2bDjNFYw7dWE+uqBgRNjaIvS3PVW4btQvcrA=", "last_login": "2020-04-29T19:15:56.326Z", "is_superuser": false, "username": "MyUser", "first_name": "", "last_name": "", "email": "myuser@gmail.com", "is_staff": false, "is_active": true, "date_joined": "2020-04-29T19:15:56.083Z", "groups": [], "user_permissions": []}}, {"model": "wishlist.user", "pk": 8, "fields": {"password": "pbkdf2_sha256$180000$8tlpfqrfNdSg$4uyNkg54NqpOvXFQl3Lzj4qccjr9mlbCReni+Jp5uWw=", "last_login": "2020-04-29T20:12:29.453Z", "is_superuser": false, "username": "TokenPlease", "first_name": "", "last_name": "", "email": "tokenplease@gmail.com", "is_staff": false, "is_active": true, "date_joined": "2020-04-29T20:11:51.764Z", "groups": [], "user_permissions": []}}, {"model": "wishlist.user", "pk": 9, "fields": {"password": "pbkdf2_sha256$180000$RTVFOujCqbqy$d1rY5BrvlR9o00V9o0AUA/KC2UUezJj+wTzgu5dTzJQ=", "last_login": "2020-05-02T00:40:44.537Z", "is_superuser": false, "username": "Ducky", "first_name": "", "last_name": "", "email": "Ducky@gmail.com", "is_staff": false, "is_active": true, "date_joined": "2020-04-30T22:02:15.023Z", "groups": [], "user_permissions": []}}, {"model": "wishlist.user", "pk": 10, "fields": {"password": "pbkdf2_sha256$180000$0oDDQ1DimkVP$uDRaOJQ4+J6/hlypZSPKBaFueB+4/c4N7j0cAJi7cEI=", "last_login": "2020-05-29T13:00:10.138Z", "is_superuser": false, "username": "NewUser", "first_name": "", "last_name": "", "email": "newuser@gmail.com", "is_staff": false, "is_active": true, "date_joined": "2020-05-29T13:00:09.866Z", "groups": [], "user_permissions": []}}, {"model": "wishlist.user", "pk": 11, "fields": {"password": "pbkdf2_sha256$180000$yRsYohcciMON$Av/IRW+k64MSUpKs9FdSyzfPH96uH6P1Ar81ej1HshE=", "last_login": "2020-05-29T15:40:51.416Z", "is_superuser": false, "username": "NewerUser", "first_name": "", "last_name": "", "email": "neweruser@gmail.com", "is_staff": false, "is_active": true, "date_joined": "2020-05-29T15:40:16.090Z", "groups": [], "user_permissions": []}}, {"model": "wishlist.wishlistitem", "pk": 1, "fields": {"user": 2, "game": 4, "target_price": "19.99", "purchased": false}}, {"model": "wishlist.wishlistitem", "pk": 2, "fields": {"user": 2, "game": 1, "target_price": "9.99", "purchased": false}}, {"model": "wishlist.wishlistitem", "pk": 3, "fields": {"user": 2, "game": 33, "target_price": "4.99", "purchased": false}}, {"model": "wishlist.wishlistitem", "pk": 4, "fields": {"user": 2, "game": 16, "target_price": "4.99", "purchased": false}}, {"model": "wishlist.wishlistitem", "pk": 5, "fields": {"user": 2, "game": 20, "target_price": "4.99", "purchased": false}}, {"model": "wishlist.wishlistitem", "pk": 6, "fields": {"user": 2, "game": 16, "target_price": "4.99", "purchased": false}}, {"model": "wishlist.wishlistitem", "pk": 7, "fields": {"user": 2, "game": 31, "target_price": "9.99", "purchased": false}}, {"model": "wishlist.wishlistitem", "pk": 8, "fields": {"user": 2, "game": 26, "target_price": "2.99", "purchased": false}}, {"model": "wishlist.wishlistitem", "pk": 9, "fields": {"user": 2, "game": 18, "target_price": "9.99", "purchased": false}}, {"model": "wishlist.wishlistitem", "pk": 12, "fields": {"user": 2, "game": 3, "target_price": "4.99", "purchased": false}}, {"model": "wishlist.wishlistitem", "pk": 13, "fields": {"user": 2, "game": 34, "target_price": "2.99", "purchased": false}}, {"model": "wishlist.wishlistitem", "pk": 14, "fields": {"user": 2, "game": 24, "target_price": "2.99", "purchased": false}}, {"model": "wishlist.wishlistitem", "pk": 16, "fields": {"user": 2, "game": 23, "target_price": "2.49", "purchased": false}}, {"model": "wishlist.wishlistitem", "pk": 18, "fields": {"user": 6, "game": 7, "target_price": "4.00", "purchased": true}}, {"model": "wishlist.wishlistitem", "pk": 25, "fields": {"user": 9, "game": 3, "target_price": "4.99", "purchased": false}}, {"model": "wishlist.wishlistitem", "pk": 26, "fields": {"user": 6, "game": 2, "target_price": "4.99", "purchased": true}}, {"model": "wishlist.wishlistitem", "pk": 27, "fields": {"user": 6, "game": 18, "target_price": "9.99", "purchased": false}}, {"model": "wishlist.wishlistitem", "pk": 28, "fields": {"user": 6, "game": 1, "target_price": "9.99", "purchased": false}}, {"model": "wishlist.wishlistitem", "pk": 29, "fields": {"user": 6, "game": 3, "target_price": "8.99", "purchased": true}}, {"model": "wishlist.wishlistitem", "pk": 30, "fields": {"user": 6, "game": 5, "target_price": "7.49", "purchased": true}}, {"model": "wishlist.wishlistitem", "pk": 31, "fields": {"user": 6, "game": 8, "target_price": "4.94", "purchased": true}}, {"model": "wishlist.wishlistitem", "pk": 32, "fields": {"user": 6, "game": 58, "target_price": "4.99", "purchased": true}}, {"model": "wishlist.wishlistitem", "pk": 33, "fields": {"user": 6, "game": 59, "target_price": "9.99", "purchased": true}}, {"model": "wishlist.wishlistitem", "pk": 34, "fields": {"user": 6, "game": 65, "target_price": "4.99", "purchased": true}}, {"model": "wishlist.wishlistitem", "pk": 35, "fields": {"user": 6, "game": 72, "target_price": "9.99", "purchased": true}}, {"model": "wishlist.wishlistitem", "pk": 36, "fields": {"user": 6, "game": 73, "target_price": "14.99", "purchased": true}}, {"model": "wishlist.wishlistitem", "pk": 37, "fields": {"user": 6, "game": 83, "target_price": "11.99", "purchased": true}}, {"model": "wishlist.wishlistitem", "pk": 38, "fields": {"user": 6, "game": 82, "target_price": "2.49", "purchased": true}}, {"model": "wishlist.wishlistitem", "pk": 39, "fields": {"user": 6, "game": 84, "target_price": "9.99", "purchased": true}}, {"model": "wishlist.wishlistitem", "pk": 40, "fields": {"user": 6, "game": 94, "target_price": "11.99", "purchased": true}}, {"model": "wishlist.wishlistitem", "pk": 41, "fields": {"user": 6, "game": 92, "target_price": "1.99", "purchased": true}}, {"model": "wishlist.wishlistitem", "pk": 42, "fields": {"user": 6, "game": 101, "target_price": "9.99", "purchased": true}}, {"model": "wishlist.wishlistitem", "pk": 43, "fields": {"user": 6, "game": 108, "target_price": "3.74", "purchased": true}}, {"model": "wishlist.wishlistitem", "pk": 44, "fields": {"user": 6, "game": 110, "target_price": "4.99", "purchased": true}}, {"model": "wishlist.wishlistitem", "pk": 45, "fields": {"user": 6, "game": 112, "target_price": "19.99", "purchased": true}}, {"model": "wishlist.wishlistitem", "pk": 46, "fields": {"user": 6, "game": 116, "target_price": "3.74", "purchased": true}}, {"model": "wishlist.wishlistitem", "pk": 47, "fields": {"user": 6, "game": 117, "target_price": "9.99", "purchased": true}}, {"model": "wishlist.wishlistitem", "pk": 48, "fields": {"user": 6, "game": 119, "target_price": "1.49", "purchased": true}}, {"model": "wishlist.wishlistitem", "pk": 49, "fields": {"user": 6, "game": 121, "target_price": "3.99", "purchased": true}}, {"model": "wishlist.wishlistitem", "pk": 50, "fields": {"user": 6, "game": 120, "target_price": "29.99", "purchased": true}}, {"model": "wishlist.wishlistitem", "pk": 51, "fields": {"user": 6, "game": 146, "target_price": "9.99", "purchased": true}}, {"model": "wishlist.wishlistitem", "pk": 52, "fields": {"user": 6, "game": 147, "target_price": "9.99", "purchased": true}}, {"model": "wishlist.wishlistitem", "pk": 53, "fields": {"user": 6, "game": 145, "target_price": "3.74", "purchased": true}}, {"model": "wishlist.wishlistitem", "pk": 54, "fields": {"user": 6, "game": 149, "target_price": "3.74", "purchased": true}}, {"model": "wishlist.wishlistitem", "pk": 55, "fields": {"user": 6, "game": 156, "target_price": "19.99", "purchased": true}}, {"model": "wishlist.wishlistitem", "pk": 56, "fields": {"user": 6, "game": 153, "target_price": "9.99", "purchased": true}}, {"model": "wishlist.wishlistitem", "pk": 57, "fields": {"user": 6, "game": 151, "target_price": "3.74", "purchased": true}}, {"model": "wishlist.wishlistitem", "pk": 58, "fields": {"user": 6, "game": 13, "target_price": "0.49", "purchased": true}}, {"model": "wishlist.wishlistitem", "pk": 59, "fields": {"user": 6, "game": 14, "target_price": "1.49", "purchased": true}}, {"model": "wishlist.wishlistitem", "pk": 60, "fields": {"user": 6, "game": 46, "target_price": "0.00", "purchased": true}}, {"model": "wishlist.wishlistitem", "pk": 61, "fields": {"user": 6, "game": 57, "target_price": "14.99", "purchased": true}}, {"model": "wishlist.wishlistitem", "pk": 62, "fields": {"user": 6, "game": 74, "target_price": "9.99", "purchased": true}}, {"model": "wishlist.wishlistitem", "pk": 63, "fields": {"user": 6, "game": 95, "target_price": "1.99", "purchased": true}}, {"model": "wishlist.wishlistitem", "pk": 64, "fields": {"user": 6, "game": 96, "target_price": "4.99", "purchased": true}}, {"model": "wishlist.wishlistitem", "pk": 65, "fields": {"user": 6, "game": 97, "target_price": "7.49", "purchased": true}}, {"model": "wishlist.wishlistitem", "pk": 66, "fields": {"user": 6, "game": 98, "target_price": "1.99", "purchased": true}}, {"model": "wishlist.wishlistitem", "pk": 67, "fields": {"user": 6, "game": 99, "target_price": "2.99", "purchased": true}}, {"model": "wishlist.wishlistitem", "pk": 68, "fields": {"user": 6, "game": 138, "target_price": "0.00", "purchased": true}}, {"model": "wishlist.wishlistitem", "pk": 69, "fields": {"user": 6, "game": 140, "target_price": "19.99", "purchased": true}}, {"model": "wishlist.wishlistitem", "pk": 70, "fields": {"user": 6, "game": 141, "target_price": "3.74", "purchased": true}}, {"model": "wishlist.wishlistitem", "pk": 71, "fields": {"user": 6, "game": 172, "target_price": "0.00", "purchased": true}}, {"model": "wishlist.wishlistitem", "pk": 72, "fields": {"user": 6, "game": 173, "target_price": "9.99", "purchased": true}}, {"model": "wishlist.wishlistitem", "pk": 73, "fields": {"user": 6, "game": 171, "target_price": "9.99", "purchased": true}}, {"model": "wishlist.wishlistitem", "pk": 74, "fields": {"user": 6, "game": 176, "target_price": "4.99", "purchased": true}}, {"model": "wishlist.wishlistitem", "pk": 75, "fields": {"user": 6, "game": 181, "target_price": "14.99", "purchased": true}}, {"model": "wishlist.wishlistitem", "pk": 76, "fields": {"user": 6, "game": 201, "target_price": "9.99", "purchased": true}}, {"model": "wishlist.wishlistitem", "pk": 77, "fields": {"user": 6, "game": 26, "target_price": "3.99", "purchased": true}}, {"model": "wishlist.wishlistitem", "pk": 78, "fields": {"user": 6, "game": 28, "target_price": "4.74", "purchased": true}}, {"model": "wishlist.wishlistitem", "pk": 79, "fields": {"user": 6, "game": 36, "target_price": "0.99", "purchased": true}}, {"model": "wishlist.wishlistitem", "pk": 80, "fields": {"user": 6, "game": 37, "target_price": "1.99", "purchased": true}}, {"model": "wishlist.wishlistitem", "pk": 81, "fields": {"user": 6, "game": 41, "target_price": "29.99", "purchased": true}}, {"model": "wishlist.wishlistitem", "pk": 82, "fields": {"user": 6, "game": 54, "target_price": "19.99", "purchased": true}}, {"model": "wishlist.wishlistitem", "pk": 83, "fields": {"user": 6, "game": 53, "target_price": "4.99", "purchased": true}}, {"model": "wishlist.wishlistitem", "pk": 84, "fields": {"user": 6, "game": 48, "target_price": "11.99", "purchased": true}}, {"model": "wishlist.wishlistitem", "pk": 85, "fields": {"user": 6, "game": 230, "target_price": "9.99", "purchased": true}}, {"model": "wishlist.wishlistitem", "pk": 86, "fields": {"user": 6, "game": 353, "target_price": "3.74", "purchased": true}}, {"model": "wishlist.wishlistitem", "pk": 87, "fields": {"user": 6, "game": 356, "target_price": "3.74", "purchased": true}}, {"model": "wishlist.wishlistitem", "pk": 88, "fields": {"user": 6, "game": 357, "target_price": "9.99", "purchased": true}}, {"model": "wishlist.wishlistitem", "pk": 89, "fields": {"user": 6, "game": 369, "target_price": "5.99", "purchased": true}}, {"model": "wishlist.wishlistitem", "pk": 90, "fields": {"user": 6, "game": 349, "target_price": "4.99", "purchased": true}}, {"model": "wishlist.wishlistitem", "pk": 91, "fields": {"user": 6, "game": 326, "target_price": "4.99", "purchased": true}}, {"model": "wishlist.wishlistitem", "pk": 92, "fields": {"user": 6, "game": 260, "target_price": "4.99", "purchased": true}}, {"model": "wishlist.wishlistitem", "pk": 93, "fields": {"user": 6, "game": 192, "target_price": "19.99", "purchased": true}}, {"model": "wishlist.wishlistitem", "pk": 94, "fields": {"user": 6, "game": 167, "target_price": "4.99", "purchased": true}}, {"model": "wishlist.wishlistitem", "pk": 95, "fields": {"user": 6, "game": 164, "target_price": "4.99", "purchased": true}}, {"model": "wishlist.wishlistitem", "pk": 96, "fields": {"user": 6, "game": 160, "target_price": "3.74", "purchased": true}}, {"model": "wishlist.wishlistitem", "pk": 97, "fields": {"user": 6, "game": 162, "target_price": "0.00", "purchased": true}}, {"model": "wishlist.wishlistitem", "pk": 98, "fields": {"user": 6, "game": 163, "target_price": "4.99", "purchased": true}}, {"model": "wishlist.wishlistitem", "pk": 99, "fields": {"user": 6, "game": 166, "target_price": "11.99", "purchased": true}}, {"model": "wishlist.wishlistitem", "pk": 100, "fields": {"user": 6, "game": 158, "target_price": "0.00", "purchased": true}}, {"model": "wishlist.wishlistitem", "pk": 101, "fields": {"user": 6, "game": 157, "target_price": "7.49", "purchased": true}}, {"model": "wishlist.wishlistitem", "pk": 102, "fields": {"user": 6, "game": 155, "target_price": "1.49", "purchased": true}}, {"model": "wishlist.wishlistitem", "pk": 103, "fields": {"user": 6, "game": 152, "target_price": "9.99", "purchased": true}}, {"model": "wishlist.wishlistitem", "pk": 104, "fields": {"user": 6, "game": 154, "target_price": "3.74", "purchased": true}}, {"model": "wishlist.wishlistitem", "pk": 105, "fields": {"user": 6, "game": 114, "target_price": "9.99", "purchased": true}}, {"model": "wishlist.wishlistitem", "pk": 106, "fields": {"user": 6, "game": 115, "target_price": "16.99", "purchased": true}}, {"model": "wishlist.wishlistitem", "pk": 107, "fields": {"user": 6, "game": 123, "target_price": "3.74", "purchased": true}}, {"model": "wishlist.wishlistitem", "pk": 108, "fields": {"user": 6, "game": 124, "target_price": "9.99", "purchased": true}}, {"model": "wishlist.wishlistitem", "pk": 109, "fields": {"user": 6, "game": 150, "target_price": "3.74", "purchased": true}}, {"model": "wishlist.wishlistitem", "pk": 110, "fields": {"user": 6, "game": 159, "target_price": "9.99", "purchased": true}}, {"model": "wishlist.wishlistitem", "pk": 111, "fields": {"user": 6, "game": 161, "target_price": "3.74", "purchased": true}}, {"model": "wishlist.wishlistitem", "pk": 112, "fields": {"user": 6, "game": 194, "target_price": "29.99", "purchased": true}}, {"model": "wishlist.wishlistitem", "pk": 113, "fields": {"user": 6, "game": 212, "target_price": "14.99", "purchased": true}}, {"model": "wishlist.wishlistitem", "pk": 114, "fields": {"user": 6, "game": 209, "target_price": "14.99", "purchased": true}}, {"model": "wishlist.wishlistitem", "pk": 115, "fields": {"user": 6, "game": 267, "target_price": "1.99", "purchased": true}}, {"model": "wishlist.wishlistitem", "pk": 116, "fields": {"user": 6, "game": 402, "target_price": "4.99", "purchased": true}}, {"model": "wishlist.wishlistitem", "pk": 117, "fields": {"user": 6, "game": 409, "target_price": "4.99", "purchased": true}}, {"model": "wishlist.wishlistitem", "pk": 118, "fields": {"user": 6, "game": 417, "target_price": "3.99", "purchased": true}}, {"model": "wishlist.wishlistitem", "pk": 119, "fields": {"user": 6, "game": 422, "target_price": "14.99", "purchased": true}}, {"model": "wishlist.wishlistitem", "pk": 120, "fields": {"user": 6, "game": 423, "target_price": "39.99", "purchased": true}}, {"model": "wishlist.wishlistitem", "pk": 121, "fields": {"user": 6, "game": 434, "target_price": "9.99", "purchased": true}}, {"model": "wishlist.wishlistitem", "pk": 122, "fields": {"user": 6, "game": 275, "target_price": "7.49", "purchased": true}}, {"model": "wishlist.wishlistitem", "pk": 123, "fields": {"user": 6, "game": 345, "target_price": "4.99", "purchased": true}}, {"model": "wishlist.wishlistitem", "pk": 124, "fields": {"user": 6, "game": 104, "target_price": "9.99", "purchased": true}}, {"model": "wishlist.wishlistitem", "pk": 125, "fields": {"user": 6, "game": 70, "target_price": "9.99", "purchased": true}}, {"model": "wishlist.wishlistitem", "pk": 126, "fields": {"user": 6, "game": 68, "target_price": "3.74", "purchased": true}}, {"model": "wishlist.wishlistitem", "pk": 127, "fields": {"user": 6, "game": 69, "target_price": "4.99", "purchased": true}}, {"model": "wishlist.wishlistitem", "pk": 128, "fields": {"user": 6, "game": 90, "target_price": "0.00", "purchased": true}}, {"model": "wishlist.wishlistitem", "pk": 129, "fields": {"user": 6, "game": 91, "target_price": "29.99", "purchased": true}}, {"model": "wishlist.wishlistitem", "pk": 130, "fields": {"user": 6, "game": 107, "target_price": "34.99", "purchased": true}}, {"model": "wishlist.wishlistitem", "pk": 131, "fields": {"user": 6, "game": 178, "target_price": "4.99", "purchased": true}}, {"model": "wishlist.wishlistitem", "pk": 132, "fields": {"user": 6, "game": 180, "target_price": "2.49", "purchased": true}}, {"model": "wishlist.wishlistitem", "pk": 133, "fields": {"user": 6, "game": 238, "target_price": "11.99", "purchased": true}}, {"model": "wishlist.wishlistitem", "pk": 134, "fields": {"user": 6, "game": 258, "target_price": "9.99", "purchased": true}}, {"model": "wishlist.wishlistitem", "pk": 135, "fields": {"user": 6, "game": 316, "target_price": "3.74", "purchased": true}}, {"model": "wishlist.wishlistitem", "pk": 136, "fields": {"user": 6, "game": 366, "target_price": "0.00", "purchased": true}}, {"model": "wishlist.wishlistitem", "pk": 137, "fields": {"user": 6, "game": 418, "target_price": "2.49", "purchased": true}}, {"model": "wishlist.wishlistitem", "pk": 138, "fields": {"user": 6, "game": 93, "target_price": "7.49", "purchased": true}}, {"model": "wishlist.wishlistitem", "pk": 139, "fields": {"user": 6, "game": 106, "target_price": "7.49", "purchased": true}}, {"model": "wishlist.wishlistitem", "pk": 140, "fields": {"user": 6, "game": 22, "target_price": "4.99", "purchased": false}}, {"model": "wishlist.wishlistitem", "pk": 141, "fields": {"user": 6, "game": 19, "target_price": "7.49", "purchased": false}}, {"model": "wishlist.wishlistitem", "pk": 146, "fields": {"user": 6, "game": 40, "target_price": "9.99", "purchased": true}}, {"model": "wishlist.wishlistitem", "pk": 147, "fields": {"user": 6, "game": 42, "target_price": "39.99", "purchased": true}}, {"model": "wishlist.wishlistitem", "pk": 148, "fields": {"user": 6, "game": 461, "target_price": "9.99", "purchased": true}}, {"model": "wishlist.wishlistitem", "pk": 150, "fields": {"user": 6, "game": 398, "target_price": "29.99", "purchased": true}}, {"model": "wishlist.wishlistitem", "pk": 151, "fields": {"user": 6, "game": 381, "target_price": "19.99", "purchased": true}}, {"model": "wishlist.wishlistitem", "pk": 152, "fields": {"user": 6, "game": 64, "target_price": "9.99", "purchased": true}}, {"model": "wishlist.wishlistitem", "pk": 153, "fields": {"user": 6, "game": 85, "target_price": "19.99", "purchased": true}}, {"model": "wishlist.wishlistitem", "pk": 154, "fields": {"user": 6, "game": 89, "target_price": "0.00", "purchased": true}}, {"model": "wishlist.wishlistitem", "pk": 155, "fields": {"user": 6, "game": 133, "target_price": "29.99", "purchased": true}}, {"model": "wishlist.wishlistitem", "pk": 156, "fields": {"user": 6, "game": 137, "target_price": "4.99", "purchased": false}}, {"model": "wishlist.wishlistitem", "pk": 158, "fields": {"user": 6, "game": 174, "target_price": "4.99", "purchased": false}}, {"model": "wishlist.wishlistitem", "pk": 159, "fields": {"user": 6, "game": 179, "target_price": "7.49", "purchased": false}}, {"model": "wishlist.wishlistitem", "pk": 160, "fields": {"user": 6, "game": 186, "target_price": "9.99", "purchased": true}}, {"model": "wishlist.wishlistitem", "pk": 161, "fields": {"user": 6, "game": 187, "target_price": "39.99", "purchased": true}}, {"model": "wishlist.wishlistitem", "pk": 162, "fields": {"user": 6, "game": 193, "target_price": "19.99", "purchased": true}}, {"model": "wishlist.wishlistitem", "pk": 163, "fields": {"user": 6, "game": 211, "target_price": "39.99", "purchased": false}}, {"model": "wishlist.wishlistitem", "pk": 164, "fields": {"user": 6, "game": 435, "target_price": "4.99", "purchased": false}}, {"model": "wishlist.wishlistitem", "pk": 165, "fields": {"user": 6, "game": 24, "target_price": "3.74", "purchased": false}}, {"model": "wishlist.wishlistitem", "pk": 166, "fields": {"user": 6, "game": 10, "target_price": "1.99", "purchased": true}}, {"model": "wishlist.wishlistitem", "pk": 167, "fields": {"user": 6, "game": 126, "target_price": "4.99", "purchased": false}}, {"model": "wishlist.wishlistitem", "pk": 169, "fields": {"user": 6, "game": 30, "target_price": "4.99", "purchased": false}}, {"model": "wishlist.wishlistitem", "pk": 170, "fields": {"user": 6, "game": 12, "target_price": "4.99", "purchased": false}}, {"model": "wishlist.wishlistitem", "pk": 171, "fields": {"user": 6, "game": 16, "target_price": "7.49", "purchased": false}}, {"model": "wishlist.wishlistitem", "pk": 172, "fields": {"user": 6, "game": 20, "target_price": "4.99", "purchased": false}}, {"model": "wishlist.wishlistitem", "pk": 173, "fields": {"user": 6, "game": 23, "target_price": "2.49", "purchased": false}}, {"model": "wishlist.wishlistitem", "pk": 174, "fields": {"user": 6, "game": 25, "target_price": "4.99", "purchased": false}}, {"model": "wishlist.wishlistitem", "pk": 175, "fields": {"user": 6, "game": 33, "target_price": "4.99", "purchased": false}}, {"model": "wishlist.wishlistitem", "pk": 176, "fields": {"user": 6, "game": 34, "target_price": "2.99", "purchased": false}}, {"model": "wishlist.wishlistitem", "pk": 177, "fields": {"user": 6, "game": 71, "target_price": "9.99", "purchased": false}}, {"model": "wishlist.wishlistitem", "pk": 178, "fields": {"user": 6, "game": 17, "target_price": "6.52", "purchased": true}}, {"model": "authtoken.token", "pk": "25432dec6f458c47b0c19e2bcad81c7f3d85a43c", "fields": {"user": 4, "created": "2020-04-29T16:15:25.226Z"}}, {"model": "authtoken.token", "pk": "52cd11485fcb3fc106559a532db7b351e4b38fd2", "fields": {"user": 6, "created": "2020-04-29T17:06:46.085Z"}}, {"model": "authtoken.token", "pk": "66f4948df4455baab683101684a36a6a50e03834", "fields": {"user": 11, "created": "2020-05-29T15:40:16.299Z"}}, {"model": "authtoken.token", "pk": "8f9911e67ad2f3d84a4c3b3c02f7fe6da30dba55", "fields": {"user": 3, "created": "2020-04-29T15:50:04.054Z"}}, {"model": "authtoken.token", "pk": "a11622ef3a3e7ae855de2fa2a7397054063a5f16", "fields": {"user": 8, "created": "2020-04-29T20:11:51.950Z"}}, {"model": "authtoken.token", "pk": "a338ecf1e7bc34679cd785b9727f34ae1690518a", "fields": {"user": 5, "created": "2020-04-29T16:37:24.841Z"}}, {"model": "authtoken.token", "pk": "a941983f556d79a5ad5a6c689ee64a86b2ec0048", "fields": {"user": 10, "created": "2020-05-29T13:00:10.108Z"}}, {"model": "authtoken.token", "pk": "db529107d36df3747fdec992f853c8a354013bbb", "fields": {"user": 7, "created": "2020-04-29T19:15:56.317Z"}}, {"model": "authtoken.token", "pk": "e4564d5cf492fb4c48e39f460d61c00f05203a5b", "fields": {"user": 9, "created": "2020-04-30T22:02:15.608Z"}}, {"model": "account.emailaddress", "pk": 1, "fields": {"user": 3, "email": "uruser@gmail.com", "verified": false, "primary": true}}, {"model": "account.emailaddress", "pk": 2, "fields": {"user": 4, "email": "originaluser@gmail.com", "verified": false, "primary": true}}, {"model": "account.emailaddress", "pk": 3, "fields": {"user": 5, "email": "primordialuser@gmail.com", "verified": false, "primary": true}}, {"model": "account.emailaddress", "pk": 4, "fields": {"user": 6, "email": "pleasework@gmail.com", "verified": false, "primary": true}}, {"model": "account.emailaddress", "pk": 5, "fields": {"user": 7, "email": "myuser@gmail.com", "verified": false, "primary": true}}, {"model": "account.emailaddress", "pk": 6, "fields": {"user": 8, "email": "tokenplease@gmail.com", "verified": false, "primary": true}}, {"model": "account.emailaddress", "pk": 7, "fields": {"user": 9, "email": "Ducky@gmail.com", "verified": false, "primary": true}}, {"model": "account.emailaddress", "pk": 8, "fields": {"user": 10, "email": "newuser@gmail.com", "verified": false, "primary": true}}, {"model": "account.emailaddress", "pk": 9, "fields": {"user": 11, "email": "neweruser@gmail.com", "verified": false, "primary": true}}, {"model": "admin.logentry", "pk": 1, "fields": {"action_time": "2020-04-08T17:13:05.019Z", "user": 1, "content_type": 7, "object_id": "1", "object_repr": "Owlboy", "action_flag": 1, "change_message": "[{\"added\": {}}]"}}, {"model": "admin.logentry", "pk": 2, "fields": {"action_time": "2020-04-08T17:13:32.799Z", "user": 1, "content_type": 7, "object_id": "2", "object_repr": "The Messenger", "action_flag": 1, "change_message": "[{\"added\": {}}]"}}, {"model": "admin.logentry", "pk": 3, "fields": {"action_time": "2020-04-08T17:13:51.639Z", "user": 1, "content_type": 7, "object_id": "3", "object_repr": "Baba Is You", "action_flag": 1, "change_message": "[{\"added\": {}}]"}}, {"model": "admin.logentry", "pk": 4, "fields": {"action_time": "2020-04-08T17:14:10.883Z", "user": 1, "content_type": 7, "object_id": "4", "object_repr": "Yooka-Laylee and the Impossible Lair", "action_flag": 1, "change_message": "[{\"added\": {}}]"}}, {"model": "admin.logentry", "pk": 5, "fields": {"action_time": "2020-04-08T17:15:06.480Z", "user": 1, "content_type": 6, "object_id": "2", "object_repr": "lnghcyberwulf", "action_flag": 1, "change_message": "[{\"added\": {}}]"}}, {"model": "admin.logentry", "pk": 6, "fields": {"action_time": "2020-04-08T17:15:33.961Z", "user": 1, "content_type": 8, "object_id": "1", "object_repr": "lnghcyberwulf: Yooka-Laylee and the Impossible Lair ($19.99)", "action_flag": 1, "change_message": "[{\"added\": {}}]"}}, {"model": "admin.logentry", "pk": 7, "fields": {"action_time": "2020-04-08T21:51:48.584Z", "user": 1, "content_type": 8, "object_id": "2", "object_repr": "lnghcyberwulf: Owlboy ($9.99)", "action_flag": 1, "change_message": "[{\"added\": {}}]"}}, {"model": "admin.logentry", "pk": 8, "fields": {"action_time": "2020-04-09T10:19:12.380Z", "user": 1, "content_type": 7, "object_id": "7", "object_repr": "Environmental Station Alpha", "action_flag": 1, "change_message": "[{\"added\": {}}]"}}, {"model": "admin.logentry", "pk": 9, "fields": {"action_time": "2020-04-09T10:20:13.076Z", "user": 1, "content_type": 7, "object_id": "8", "object_repr": "La-Mulana", "action_flag": 1, "change_message": "[{\"added\": {}}]"}}, {"model": "admin.logentry", "pk": 10, "fields": {"action_time": "2020-04-09T10:20:34.877Z", "user": 1, "content_type": 7, "object_id": "9", "object_repr": "Nioh", "action_flag": 1, "change_message": "[{\"added\": {}}]"}}, {"model": "admin.logentry", "pk": 11, "fields": {"action_time": "2020-04-09T10:20:56.785Z", "user": 1, "content_type": 7, "object_id": "10", "object_repr": "Hitman GO", "action_flag": 1, "change_message": "[{\"added\": {}}]"}}, {"model": "admin.logentry", "pk": 12, "fields": {"action_time": "2020-04-09T10:21:13.066Z", "user": 1, "content_type": 7, "object_id": "11", "object_repr": "Wargroove", "action_flag": 1, "change_message": "[{\"added\": {}}]"}}, {"model": "admin.logentry", "pk": 13, "fields": {"action_time": "2020-04-09T10:21:36.413Z", "user": 1, "content_type": 7, "object_id": "12", "object_repr": "Moonlighter", "action_flag": 1, "change_message": "[{\"added\": {}}]"}}, {"model": "admin.logentry", "pk": 14, "fields": {"action_time": "2020-04-09T10:21:51.014Z", "user": 1, "content_type": 7, "object_id": "13", "object_repr": "Toki Tori", "action_flag": 1, "change_message": "[{\"added\": {}}]"}}, {"model": "admin.logentry", "pk": 15, "fields": {"action_time": "2020-04-09T10:22:10.014Z", "user": 1, "content_type": 7, "object_id": "14", "object_repr": "Toki Tori 2", "action_flag": 1, "change_message": "[{\"added\": {}}]"}}, {"model": "admin.logentry", "pk": 16, "fields": {"action_time": "2020-04-09T10:26:49.674Z", "user": 1, "content_type": 7, "object_id": "15", "object_repr": "Monster Hunter World", "action_flag": 1, "change_message": "[{\"added\": {}}]"}}, {"model": "admin.logentry", "pk": 17, "fields": {"action_time": "2020-04-09T10:27:08.822Z", "user": 1, "content_type": 7, "object_id": "16", "object_repr": "Cuphead", "action_flag": 1, "change_message": "[{\"added\": {}}]"}}, {"model": "admin.logentry", "pk": 18, "fields": {"action_time": "2020-04-09T10:27:47.354Z", "user": 1, "content_type": 7, "object_id": "17", "object_repr": "Metal Gear Rising: Revengeance", "action_flag": 1, "change_message": "[{\"added\": {}}]"}}, {"model": "admin.logentry", "pk": 19, "fields": {"action_time": "2020-04-09T10:28:00.526Z", "user": 1, "content_type": 7, "object_id": "18", "object_repr": "Dead Cells", "action_flag": 1, "change_message": "[{\"added\": {}}]"}}, {"model": "admin.logentry", "pk": 20, "fields": {"action_time": "2020-04-09T10:28:39.338Z", "user": 1, "content_type": 7, "object_id": "19", "object_repr": "Katana ZERO", "action_flag": 1, "change_message": "[{\"added\": {}}]"}}, {"model": "admin.logentry", "pk": 21, "fields": {"action_time": "2020-04-09T10:28:56.103Z", "user": 1, "content_type": 7, "object_id": "20", "object_repr": "Shantae and the Pirate's Curse", "action_flag": 1, "change_message": "[{\"added\": {}}]"}}, {"model": "admin.logentry", "pk": 22, "fields": {"action_time": "2020-04-09T10:32:08.231Z", "user": 1, "content_type": 7, "object_id": "21", "object_repr": "Shantae: Half-Genie Hero", "action_flag": 1, "change_message": "[{\"added\": {}}]"}}, {"model": "admin.logentry", "pk": 23, "fields": {"action_time": "2020-04-09T10:33:16.227Z", "user": 1, "content_type": 7, "object_id": "22", "object_repr": "Salt and Sanctuary", "action_flag": 1, "change_message": "[{\"added\": {}}]"}}, {"model": "admin.logentry", "pk": 24, "fields": {"action_time": "2020-04-09T10:33:31.384Z", "user": 1, "content_type": 7, "object_id": "23", "object_repr": "Thomas Was Alone", "action_flag": 1, "change_message": "[{\"added\": {}}]"}}, {"model": "admin.logentry", "pk": 25, "fields": {"action_time": "2020-04-09T10:33:48.130Z", "user": 1, "content_type": 7, "object_id": "24", "object_repr": "Dandara", "action_flag": 1, "change_message": "[{\"added\": {}}]"}}, {"model": "admin.logentry", "pk": 26, "fields": {"action_time": "2020-04-09T10:38:30.817Z", "user": 1, "content_type": 7, "object_id": "25", "object_repr": "West of Loathing", "action_flag": 1, "change_message": "[{\"added\": {}}]"}}, {"model": "admin.logentry", "pk": 27, "fields": {"action_time": "2020-04-09T10:39:02.731Z", "user": 1, "content_type": 7, "object_id": "26", "object_repr": "Valdis Story: Abyssal City", "action_flag": 1, "change_message": "[{\"added\": {}}]"}}, {"model": "admin.logentry", "pk": 28, "fields": {"action_time": "2020-04-09T10:39:22.727Z", "user": 1, "content_type": 7, "object_id": "27", "object_repr": "Monolith", "action_flag": 1, "change_message": "[{\"added\": {}}]"}}, {"model": "admin.logentry", "pk": 29, "fields": {"action_time": "2020-04-09T10:39:40.115Z", "user": 1, "content_type": 7, "object_id": "28", "object_repr": "Monster Prom", "action_flag": 1, "change_message": "[{\"added\": {}}]"}}, {"model": "admin.logentry", "pk": 30, "fields": {"action_time": "2020-04-09T10:40:36.944Z", "user": 1, "content_type": 7, "object_id": "29", "object_repr": "Bloodstained: Curse of the Moon", "action_flag": 1, "change_message": "[{\"added\": {}}]"}}, {"model": "admin.logentry", "pk": 31, "fields": {"action_time": "2020-04-09T10:41:53.665Z", "user": 1, "content_type": 7, "object_id": "30", "object_repr": "Cultist Simulator", "action_flag": 1, "change_message": "[{\"added\": {}}]"}}, {"model": "admin.logentry", "pk": 32, "fields": {"action_time": "2020-04-09T10:42:21.131Z", "user": 1, "content_type": 7, "object_id": "31", "object_repr": "Bloodstained: Ritual of the Night", "action_flag": 1, "change_message": "[{\"added\": {}}]"}}, {"model": "admin.logentry", "pk": 33, "fields": {"action_time": "2020-04-09T10:43:08.114Z", "user": 1, "content_type": 7, "object_id": "32", "object_repr": "Yakuza 0", "action_flag": 1, "change_message": "[{\"added\": {}}]"}}, {"model": "admin.logentry", "pk": 34, "fields": {"action_time": "2020-04-09T10:43:29.968Z", "user": 1, "content_type": 7, "object_id": "33", "object_repr": "Return of the Obra Dinn", "action_flag": 1, "change_message": "[{\"added\": {}}]"}}]